"id","full_name","position","team","targets","rec","rec_yards","air_yards","yac","td","adot","racr","ms_air","tgt_share","wopr","ppr"
"1","Saquon Barkley","RB","NYG",120,90,712,34,752,4,0.3,20.94,0.01,0.21,0.31,381.2
"2","Christian McCaffrey","RB","CAR",124,107,867,129,842,6,1,6.72,0.03,0.22,0.36,379.7
"3","Todd Gurley","RB","LA",80,58,555,53,556,4,0.7,10.47,0.01,0.16,0.24,363.8
"4","Alvin Kamara","RB","NO",104,80,703,193,640,4,1.9,3.64,0.05,0.21,0.36,345.4
"5","DeAndre Hopkins","WR","HOU",163,115,1583,1995,384,11,12.2,0.79,0.45,0.32,0.8,338.6
"6","Ezekiel Elliott","RB","DAL",93,76,553,42,562,3,0.5,13.17,0.01,0.19,0.3,328.3
"7","Davante Adams","WR","GB",168,110,1370,1904,472,13,11.3,0.72,0.36,0.28,0.68,325
"8","Julio Jones","WR","ATL",169,112,1655,2420,449,7,14.3,0.68,0.45,0.28,0.73,320.7
"9","Antonio Brown","WR","PIT",167,101,1273,1899,461,15,11.4,0.67,0.38,0.26,0.66,318.3
"10","Adam Thielen","WR","MIN",153,111,1370,1453,438,9,9.5,0.94,0.33,0.25,0.61,304.2
"11","Michael Thomas","WR","NO",146,123,1320,1135,470,8,7.8,1.16,0.3,0.29,0.64,303
"12","Travis Kelce","TE","KC",148,101,1330,1401,552,10,9.5,0.95,0.28,0.26,0.58,294
"13","Tyreek Hill","WR","KC",132,82,1336,1898,520,10,14.4,0.7,0.37,0.23,0.61,294
"14","JuJu Smith-Schuster","WR","PIT",165,110,1375,1394,672,7,8.4,0.99,0.26,0.24,0.55,290.8
"15","James White","RB","NE",125,89,770,417,596,7,3.3,1.85,0.09,0.22,0.39,279.8
"16","Zach Ertz","TE","PHI",155,115,1153,1122,351,8,7.2,1.03,0.25,0.26,0.57,278.3
"17","James Conner","RB","PIT",70,54,491,23,534,1,0.3,21.35,0.01,0.12,0.19,276.5
"18","Mike Evans","WR","TB",135,83,1391,2121,239,8,15.7,0.66,0.33,0.22,0.56,270.1
"19","Melvin Gordon","UNK","LAC",66,50,488,-23,526,4,-0.3,-21.22,-0.01,0.17,0.26,268.6
"20","Stefon Diggs","WR","MIN",148,102,1021,1266,453,9,8.6,0.81,0.3,0.26,0.59,264.3
"21","Robert Woods","WR","LA",129,84,1198,1462,416,6,11.3,0.82,0.3,0.23,0.56,259.6
"22","George Kittle","TE","SF",135,88,1377,960,873,5,7.1,1.43,0.26,0.26,0.57,256.7
"23","Keenan Allen","WR","LAC",137,96,1188,1183,408,5,8.6,1,0.33,0.29,0.67,252.3
"24","David Johnson","RB","ARI",76,50,446,63,385,3,0.8,7.08,0.02,0.16,0.24,246.9
"25","Joe Mixon","RB","CIN",55,43,296,9,328,1,0.2,32.89,0,0.12,0.19,241.6
"26","Brandin Cooks","WR","LA",116,80,1191,1469,357,5,12.7,0.81,0.32,0.22,0.55,240.2
"27","Tarik Cohen","RB","CHI",86,69,684,316,498,5,3.7,2.16,0.07,0.17,0.3,229.4
"28","Kareem Hunt","RB","KC",36,27,384,68,344,7,1.9,5.65,0.02,0.09,0.15,229.1
"29","T.Y. Hilton","WR","IND",118,74,1248,1310,459,5,11.1,0.95,0.34,0.22,0.57,228.8
"30","Tyler Boyd","WR","CIN",108,76,1028,1087,426,7,10.1,0.95,0.27,0.22,0.52,221.1
"31","Phillip Lindsay","RB","DEN",46,34,239,-26,295,1,-0.6,-9.19,-0.01,0.09,0.13,219.3
"32","Odell Beckham","WR","NYG",123,76,1047,1515,283,6,12.3,0.69,0.42,0.28,0.72,218.6
"33","Tyler Lockett","WR","SEA",67,55,970,910,227,10,13.6,1.07,0.24,0.16,0.4,217.1
"34","Eric Ebron","TE","IND",108,65,738,1020,250,12,9.4,0.72,0.21,0.17,0.41,216
"35","Jarvis Landry","WR","CLE",145,80,958,1729,233,4,11.9,0.55,0.31,0.26,0.6,211.8
"36","Kenyan Drake","RB","MIA",74,54,487,174,435,5,2.4,2.8,0.05,0.16,0.28,210.4
"37","Kenny Golladay","WR","DET",119,71,1070,1530,355,5,12.9,0.7,0.4,0.22,0.61,208.8
"38","Calvin Ridley","WR","ATL",90,63,816,931,357,10,10.3,0.88,0.17,0.15,0.34,207.3
"39","Chris Carson","RB","SEA",24,20,163,1,163,0,0,163,0,0.06,0.1,205
"40","Derrick Henry","RB","TEN",18,15,99,21,115,0,1.2,4.71,0.01,0.04,0.07,202.1
"41","Julian Edelman","WR","NE",107,73,834,828,346,6,7.7,1.01,0.24,0.25,0.53,201.1
"42","Jared Cook","TE","OAK",101,69,900,840,344,7,8.3,1.07,0.22,0.18,0.43,201
"43","Nick Chubb","RB","CLE",29,20,149,59,176,2,2,2.53,0.01,0.05,0.08,191.7
"44","Tevin Coleman","RB","ATL",43,31,269,28,261,5,0.7,9.61,0.01,0.07,0.11,189.1
"45","Chris Godwin","WR","TB",95,59,842,1134,257,7,11.9,0.74,0.17,0.16,0.36,185.2
"46","Adam Humphries","WR","TB",102,74,795,682,399,5,6.7,1.17,0.11,0.17,0.32,184.6
"47","Corey Davis","WR","TEN",113,65,891,1160,267,4,10.3,0.77,0.34,0.26,0.63,183.6
"48","Emmanuel Sanders","WR","DEN",94,68,808,882,312,4,9.4,0.92,0.28,0.23,0.54,183.5
"49","Alshon Jeffery","WR","PHI",90,63,817,1002,262,6,11.1,0.82,0.29,0.19,0.49,180.7
"50","Jordan Howard","RB","CHI",26,19,140,24,120,0,0.9,5.83,0.01,0.05,0.08,179.7
"51","Sterling Shepard","WR","NYG",106,65,862,1107,302,4,10.4,0.78,0.24,0.18,0.44,178.5
"52","Mike Williams","WR","LAC",66,43,664,964,118,10,14.6,0.69,0.24,0.13,0.37,177.9
"53","T.J. Yeldon","RB","JAC",77,55,490,61,457,4,0.8,8.03,0.02,0.16,0.25,176.8
"54","Mohamed Sanu","WR","ATL",93,65,830,783,393,4,8.4,1.06,0.15,0.15,0.33,176.4
"55","Marlon Mack","RB","IND",26,17,103,-8,126,1,-0.3,-12.88,0,0.06,0.09,176.3
"56","Adrian Peterson","RB","WAS",25,19,205,13,194,1,0.5,15.77,0,0.05,0.08,175.9
"57","Lamar Miller","RB","HOU",35,25,163,24,171,1,0.7,6.79,0.01,0.08,0.13,174.6
"58","Aaron Jones","RB","GB",35,26,206,9,221,1,0.3,22.89,0,0.08,0.11,172.5
"59","Larry Fitzgerald","WR","ARI",110,67,689,1024,201,6,9.3,0.67,0.26,0.22,0.52,171.9
"60","Dede Westbrook","WR","JAC",99,64,668,838,337,5,8.5,0.8,0.23,0.19,0.44,170.6
"61","Austin Ekeler","RB","LAC",52,38,374,18,403,3,0.3,20.78,0.01,0.12,0.18,166.3
"62","Nelson Agholor","WR","PHI",96,63,736,953,341,4,9.9,0.77,0.22,0.16,0.4,163.8
"63","D.J. Moore","WR","CAR",83,55,788,810,416,2,9.8,0.97,0.19,0.15,0.36,163
"64","Amari Cooper","WR","DAL",75,52,719,732,311,6,9.8,0.98,0.32,0.24,0.58,161
"65","Austin Hooper","TE","ATL",88,71,660,603,232,4,6.9,1.09,0.11,0.14,0.3,161
"66","Dion Lewis","RB","TEN",66,58,391,-69,466,1,-1,-5.67,-0.02,0.15,0.21,160.8
"67","Matt Breida","RB","SF",28,24,254,102,213,2,3.6,2.49,0.03,0.06,0.11,160.2
"68","Nyheim Hines","RB","IND",81,63,425,200,349,2,2.5,2.12,0.04,0.13,0.22,159
"69","Jalen Richard","RB","OAK",80,67,605,144,488,0,1.8,4.2,0.04,0.14,0.24,158.4
"70","Robby Anderson","WR","NYJ",91,49,736,1431,177,6,15.7,0.51,0.34,0.2,0.54,157.8
"71","Jordy Nelson","UNK","OAK",87,63,739,805,241,3,9.3,0.92,0.23,0.17,0.41,154.7
"72","Allen Robinson","WR","CHI",93,54,741,1124,216,4,12.1,0.66,0.29,0.22,0.53,153
"73","Taylor Gabriel","WR","CHI",91,66,689,1049,236,2,11.5,0.66,0.23,0.18,0.43,153
"74","Zay Jones","WR","BUF",100,54,621,1256,133,6,12.6,0.49,0.25,0.21,0.48,152.1
"75","Kyle Rudolph","TE","MIN",81,64,634,544,252,4,6.7,1.17,0.13,0.13,0.29,151.4
"76","Dalvin Cook","RB","MIN",48,39,275,-71,343,2,-1.5,-3.87,-0.02,0.12,0.16,150.9
"77","Peyton Barber","RB","TB",28,19,90,64,62,1,2.3,1.41,0.01,0.05,0.08,150
"78","A.J. Green","WR","CIN",76,45,683,949,161,6,12.5,0.72,0.37,0.23,0.61,149.3
"79","Trey Burton","TE","CHI",78,55,577,604,222,6,7.7,0.96,0.13,0.15,0.32,148.9
"80","Cole Beasley","WR","DAL",85,64,656,627,208,3,7.4,1.05,0.16,0.16,0.35,147.6
"81","John Brown","WR","BAL",97,42,717,1559,158,5,16.1,0.46,0.32,0.17,0.49,144.1
"82","Mark Ingram","RB","NO",27,21,170,9,155,1,0.3,18.89,0,0.08,0.12,143.1
"83","David Njoku","TE","CLE",88,55,628,780,280,4,8.9,0.81,0.15,0.17,0.35,141.8
"84","Kerryon Johnson","RB","DET",39,32,213,-25,267,1,-0.6,-8.52,-0.01,0.11,0.15,141.4
"85","Mike Davis","RB","SEA",43,35,222,6,242,1,0.1,37,0,0.11,0.17,140
"86","Sony Michel","RB","NE",11,7,50,15,50,0,1.4,3.33,0,0.02,0.04,139.4
"87","Curtis Samuel","WR","CAR",64,38,477,759,111,5,11.9,0.63,0.21,0.14,0.36,136.1
"88","DeSean Jackson","WR","TB",72,38,712,1364,176,3,18.9,0.52,0.27,0.15,0.41,136.1
"89","Isaiah Crowell","RB","NYJ",28,21,152,-9,173,0,-0.3,-16.89,0,0.07,0.1,134.5
"90","Tyrell Williams","WR","LAC",63,40,631,789,183,5,12.5,0.8,0.21,0.13,0.34,134.5
"91","Doug Baldwin","UNK","SEA",69,46,583,809,142,5,11.7,0.72,0.26,0.2,0.49,134.3
"92","Willie Snead","WR","BAL",95,62,649,775,276,1,8.2,0.84,0.17,0.18,0.39,134.2
"93","Michael Crabtree","WR","BAL",100,54,608,1104,122,3,11,0.55,0.23,0.18,0.43,132.8
"94","Rob Gronkowski","UNK","NE",71,46,676,905,176,3,12.7,0.75,0.24,0.16,0.4,131.6
"95","Courtland Sutton","WR","DEN",84,41,659,1176,173,4,14,0.56,0.27,0.15,0.41,130.8
"96","Jimmy Graham","TE","GB",91,55,636,862,261,2,9.5,0.74,0.15,0.14,0.32,130.6
"97","Josh Gordon","WR","NE",68,40,720,922,264,3,13.6,0.78,0.28,0.17,0.44,130
"98","Donte Moncrief","WR","JAC",90,47,649,1104,252,3,12.3,0.59,0.31,0.17,0.47,129.9
"99","Antonio Callaway","WR","CLE",79,41,571,1100,233,5,13.9,0.52,0.2,0.14,0.35,128.8
"100","Latavius Murray","RB","MIN",26,22,141,29,115,0,1.1,4.86,0.01,0.04,0.07,128.6
"101","Cooper Kupp","WR","LA",54,38,530,438,299,6,8.1,1.21,0.2,0.2,0.44,128.3
"102","Kenny Stills","WR","MIA",64,37,553,1046,127,6,16.3,0.53,0.31,0.15,0.45,128.3
"103","Vance McDonald","TE","PIT",71,49,598,377,387,3,5.3,1.59,0.08,0.11,0.22,126.8
"104","Evan Engram","TE","NYG",65,46,590,342,398,3,5.3,1.73,0.12,0.17,0.33,126.6
"105","Doug Martin","UNK","OAK",24,18,116,21,94,0,0.9,5.52,0.01,0.04,0.07,125.9
"106","Christian Kirk","WR","ARI",68,43,590,653,226,3,9.6,0.9,0.24,0.19,0.46,123.5
"107","LeSean McCoy","RB","BUF",45,33,220,-49,270,0,-1.1,-4.49,-0.01,0.1,0.15,123.3
"108","Duke Johnson","RB","CLE",59,44,399,213,314,3,3.6,1.87,0.04,0.1,0.18,122
"109","Rashard Higgins","WR","CLE",55,40,579,593,158,4,10.8,0.98,0.13,0.12,0.27,121.9
"110","Devin Funchess","WR","CAR",78,43,547,1049,76,4,13.4,0.52,0.27,0.16,0.42,121.7
"111","Danny Amendola","WR","MIA",76,57,565,597,224,1,7.9,0.95,0.17,0.18,0.39,119.3
"112","Jordan Reed","TE","WAS",83,53,542,580,222,2,7,0.93,0.17,0.2,0.41,119.2
"113","Leonard Fournette","RB","JAC",25,21,179,-15,208,1,-0.6,-11.93,-0.01,0.11,0.16,118.3
"114","O.J. Howard","TE","TB",46,33,550,570,206,5,12.4,0.96,0.13,0.11,0.26,118
"115","Anthony Miller","WR","CHI",53,32,408,622,141,7,11.7,0.66,0.14,0.11,0.27,117.4
"116","Golden Tate","WR","DET",69,44,508,450,272,3,6.5,1.13,0.22,0.27,0.56,117
"117","Marvin Jones","WR","DET",62,35,508,906,101,5,14.6,0.56,0.36,0.19,0.53,115.8
"118","Sammy Watkins","WR","KC",55,40,519,526,225,3,9.6,0.99,0.16,0.15,0.34,115.1
"119","Wendell Smallwood","RB","PHI",33,26,219,25,211,2,0.8,8.76,0.01,0.06,0.1,114.3
"120","Alex Collins","UNK","BAL",21,15,105,27,97,1,1.3,3.89,0.01,0.05,0.08,113.2
"121","Chris Herndon","TE","NYJ",55,39,502,603,166,4,11,0.83,0.14,0.12,0.28,113.2
"122","Jamaal Williams","RB","GB",41,27,210,37,223,0,0.9,5.68,0.01,0.06,0.1,111.7
"123","Theo Riddick","RB","DET",71,57,370,65,384,0,0.9,5.69,0.02,0.14,0.22,111.1
"124","Marquez Valdes-Scantling","WR","GB",72,38,581,888,210,2,12.3,0.65,0.16,0.11,0.28,111
"125","Josh Allen","QB","BUF",1,0,0,3472,0,0,3472,0,0.89,0,0.63,109.3
"126","Chester Rogers","WR","IND",71,51,474,445,261,2,6.3,1.07,0.09,0.11,0.23,109
"127","Kendrick Bourne","WR","SF",64,39,447,541,133,4,8.5,0.83,0.15,0.12,0.29,107.7
"128","Mark Andrews","TE","BAL",50,34,552,556,195,3,11.1,0.99,0.11,0.09,0.22,107.2
"129","Will Fuller","WR","HOU",45,32,503,623,166,4,13.8,0.81,0.29,0.2,0.5,106.3
"130","Seth Roberts","WR","OAK",65,44,489,572,206,2,8.8,0.85,0.16,0.13,0.3,105.4
"131","C.J. Uzomah","TE","CIN",64,43,439,426,202,3,6.7,1.03,0.1,0.12,0.25,104.9
"132","Dante Pettis","WR","SF",45,27,467,514,205,5,11.4,0.91,0.19,0.12,0.32,103.5
"133","Royce Freeman","RB","DEN",20,14,72,15,59,0,0.8,4.8,0,0.04,0.06,102.6
"134","Frank Gore","RB","MIA",16,12,124,21,115,1,1.3,5.9,0.01,0.04,0.06,102
"135","Josh Doctson","WR","WAS",77,42,477,1103,110,2,14.3,0.43,0.29,0.17,0.46,101.7
"136","Chris Hogan","WR","NE",51,33,506,647,171,3,12.7,0.78,0.14,0.09,0.24,101.6
"137","Josh Reynolds","WR","LA",53,29,402,657,129,5,12.4,0.61,0.19,0.14,0.34,100
"138","David Moore","WR","SEA",52,25,440,907,82,5,17.4,0.49,0.29,0.15,0.43,99.5
"139","Lamar Jackson","QB","BAL",2,0,0,1500,0,0,750,0,0.31,0,0.22,97.7
"140","Jarius Wright","WR","CAR",59,43,447,379,198,1,6.4,1.18,0.09,0.11,0.22,97.6
"141","Javorius Allen","RB","BAL",43,35,204,72,183,2,1.7,2.83,0.02,0.09,0.15,96.2
"142","Alfred Blue","RB","HOU",27,20,154,84,96,0,3.1,1.83,0.02,0.05,0.09,96.1
"143","Ito Smith","RB","ATL",32,27,152,2,160,0,0.1,76,0,0.06,0.1,96
"144","Michael Gallup","WR","DAL",69,33,507,957,173,2,13.9,0.53,0.25,0.14,0.39,95.7
"145","Giovani Bernard","RB","CIN",48,35,218,-2,222,0,0,-109,0,0.12,0.18,95.5
"146","Cameron Brate","TE","TB",49,30,289,418,51,6,8.5,0.69,0.07,0.08,0.17,94.9
"147","Damien Williams","RB","KC",24,23,160,-44,208,2,-1.8,-3.64,-0.01,0.06,0.08,94.2
"148","Chris Thompson","RB","WAS",55,41,268,61,232,1,1.1,4.39,0.03,0.19,0.3,94.2
"149","Chris Conley","WR","KC",51,31,325,440,139,5,8.6,0.74,0.09,0.1,0.21,93.5
"150","Keelan Cole","WR","JAC",67,38,491,662,136,1,9.9,0.74,0.21,0.15,0.37,93.1
"151","Demaryius Thomas","WR","DEN",54,35,396,587,129,3,10.9,0.67,0.25,0.19,0.46,92.6
"152","Albert Wilson","WR","MIA",37,27,394,273,334,4,7.4,1.44,0.16,0.18,0.38,92
"153","Devontae Booker","RB","DEN",50,37,266,78,232,0,1.6,3.41,0.02,0.09,0.14,91.2
"154","Cordarrelle Patterson","WR","NE",30,23,221,186,145,3,6.2,1.19,0.04,0.06,0.11,90.9
"155","Jacquizz Rodgers","UNK","TB",45,38,304,135,240,0,3,2.25,0.02,0.08,0.13,90.9
"156","Taywan Taylor","WR","TEN",56,37,466,757,161,1,13.5,0.62,0.27,0.16,0.43,89.6
"157","Robert Foster","WR","BUF",41,23,480,940,163,3,22.9,0.51,0.24,0.13,0.37,89
"158","Dallas Goedert","TE","PHI",41,32,328,310,161,4,7.6,1.06,0.08,0.08,0.18,88.8
"159","LeGarrette Blount","UNK","DET",15,10,67,-19,87,0,-1.3,-3.53,0,0.03,0.04,88.5
"160","Randall Cobb","WR","GB",61,38,384,508,233,2,8.3,0.76,0.16,0.17,0.37,88.4
"161","Gus Edwards","RB","BAL",2,2,20,3,17,0,1.5,6.67,0,0.01,0.01,87.2
"162","Benjamin Watson","TE","NO",46,35,398,482,78,2,10.5,0.83,0.15,0.11,0.27,86.8
"163","Jaylen Samuels","RB","PIT",28,25,192,4,206,3,0.1,48,0,0.07,0.11,86.1
"164","John Ross","WR","CIN",58,21,210,804,77,7,13.9,0.26,0.24,0.14,0.37,84.9
"165","Gerald Everett","TE","LA",50,33,320,305,149,3,6.1,1.05,0.07,0.09,0.19,84.6
"166","Jesse James","TE","PIT",39,30,423,317,185,2,8.1,1.33,0.07,0.06,0.14,84.3
"167","Quincy Enunwa","WR","NYJ",67,37,407,456,248,1,6.8,0.89,0.16,0.19,0.41,83.7
"168","Jamison Crowder","WR","WAS",50,29,388,454,211,2,9.1,0.85,0.22,0.19,0.44,82.8
"169","Marquise Goodwin","WR","SF",41,21,362,547,123,4,13.3,0.66,0.21,0.12,0.33,82.1
"170","Elijah McGuire","UNK","NYJ",30,18,191,179,152,1,6,1.07,0.07,0.11,0.22,82.1
"171","Deshaun Watson","QB","HOU",0,0,0,4371,0,0,Inf,0,0.99,0,0.69,81.9
"172","Phillip Dorsett","WR","NE",41,32,290,417,100,3,10.2,0.7,0.13,0.11,0.25,81.9
"173","Greg Olsen","TE","CAR",38,27,291,337,84,4,8.9,0.86,0.15,0.13,0.3,80.1
"174","Josh Adams","UNK","PHI",13,7,58,-4,65,0,-0.3,-14.5,0,0.03,0.04,80
"175","Ian Thomas","TE","CAR",47,35,324,289,154,2,6.1,1.12,0.1,0.13,0.27,79.4
"176","Tre'Quan Smith","WR","NO",42,26,350,496,78,3,11.8,0.71,0.16,0.1,0.27,79
"177","Jermaine Kearse","WR","NYJ",75,36,368,738,135,1,9.8,0.5,0.19,0.17,0.39,78.8
"178","Corey Clement","RB","PHI",25,22,192,-31,264,0,-1.2,-6.19,-0.01,0.06,0.09,78.2
"179","Marshawn Lynch","UNK","OAK",19,15,84,54,90,0,2.8,1.56,0.04,0.08,0.15,77.9
"180","Spencer Ware","RB","KC",22,19,214,44,228,0,2,4.86,0.01,0.06,0.09,77
"181","Nick Vannett","TE","SEA",44,30,279,251,157,3,5.7,1.11,0.07,0.11,0.21,75.9
"182","Ryan Grant","WR","IND",51,35,334,409,93,1,8,0.82,0.09,0.09,0.2,74.4
"183","Ricky Seals-Jones","TE","ARI",70,34,343,704,98,1,10.1,0.49,0.2,0.15,0.37,74.3
"184","Tajae Sharpe","WR","TEN",47,27,336,525,91,2,11.2,0.64,0.17,0.12,0.3,74.2
"185","Blake Jarwin","TE","DAL",34,26,301,295,107,3,8.7,1.02,0.09,0.09,0.19,74.1
"186","Carlos Hyde","RB","CLE",9,5,26,12,29,0,1.3,2.17,0.01,0.04,0.06,74
"187","Vernon Davis","TE","WAS",36,25,367,409,175,2,11.4,0.9,0.12,0.08,0.21,73.7
"188","Aldrick Robinson","UNK","MIN",36,18,236,605,43,5,16.8,0.39,0.16,0.07,0.22,71.6
"189","Laquon Treadwell","UNK","MIN",53,35,302,302,120,1,5.7,1,0.07,0.09,0.19,71.2
"190","Jeff Heuerman","TE","DEN",48,31,281,258,154,2,5.4,1.09,0.09,0.13,0.26,71.1
"191","Cam Newton","QB","CAR",0,0,0,3459,0,0,Inf,0,0.96,0,0.67,70.9
"192","Antonio Gates","UNK","LAC",45,27,315,341,113,2,7.6,0.92,0.09,0.09,0.2,70.5
"193","Ryan Switzer","WR","PIT",43,36,253,147,137,1,3.4,1.72,0.03,0.06,0.11,69.4
"194","Tim Patrick","WR","DEN",42,24,319,447,112,2,10.6,0.71,0.13,0.09,0.23,68.5
"195","Chris Ivory","UNK","BUF",20,12,121,19,117,0,1,6.37,0,0.05,0.08,68
"196","Alfred Morris","RB","SF",14,8,73,-3,67,0,-0.2,-24.33,0,0.04,0.06,67.7
"197","Dontrelle Inman","WR","IND",37,26,292,372,71,2,10.1,0.78,0.17,0.13,0.31,67.2
"198","Rashaad Penny","RB","SEA",11,8,72,7,69,0,0.6,10.29,0,0.03,0.05,66.7
"199","Zach Pascal","WR","IND",44,26,272,470,71,2,10.7,0.58,0.11,0.08,0.19,66.2
"200","Jordan Thomas","TE","HOU",27,20,215,151,106,4,5.6,1.42,0.04,0.06,0.12,65.5
"201","Tyler Higbee","TE","LA",33,24,292,224,137,2,6.8,1.3,0.05,0.07,0.14,65.2
"202","Jonnu Smith","TE","TEN",31,20,268,165,188,3,5.3,1.62,0.06,0.1,0.19,64.8
"203","DaeSean Hamilton","WR","DEN",44,29,225,374,62,2,8.5,0.6,0.12,0.11,0.25,63.5
"204","Jordan Wilkins","RB","IND",17,16,85,-25,105,0,-1.5,-3.4,-0.01,0.03,0.05,63.5
"205","Chase Edmonds","RB","ARI",23,20,103,5,121,0,0.2,20.6,0,0.05,0.07,63.1
"206","Keke Coutee","WR","HOU",41,28,287,208,210,1,5.1,1.38,0.15,0.22,0.44,62.7
"207","Demaryius Thomas","WR","HOU",33,23,275,323,145,2,9.8,0.85,0.2,0.16,0.38,62.5
"208","Jack Doyle","TE","IND",33,26,245,174,108,2,5.3,1.41,0.12,0.16,0.32,62.5
"209","Geronimo Allison","WR","GB",30,20,303,388,106,2,12.9,0.78,0.24,0.16,0.4,62.3
"210","Breshad Perriman","WR","CLE",25,16,340,493,75,2,19.7,0.69,0.15,0.08,0.22,62.2
"211","Jordan Matthews","UNK","PHI",28,20,300,282,96,2,10.1,1.06,0.09,0.07,0.17,62
"212","Allen Hurns","WR","DAL",36,20,295,452,78,2,12.6,0.65,0.13,0.08,0.21,61.5
"213","Darren Sproles","RB","PHI",23,15,160,41,127,2,1.8,3.9,0.03,0.11,0.18,61
"214","DeVante Parker","WR","MIA",47,24,309,595,122,1,12.7,0.52,0.23,0.15,0.39,60.9
"215","Bilal Powell","RB","NYJ",18,11,110,90,90,1,5,1.22,0.05,0.08,0.16,60.8
"216","Jaron Brown","WR","SEA",20,14,166,271,46,5,13.6,0.61,0.1,0.07,0.17,60.6
"217","Golden Tate","WR","PHI",42,28,270,332,142,1,7.9,0.81,0.17,0.15,0.34,60.2
"218","Kelvin Benjamin","UNK","BUF",61,22,322,1050,50,1,17.2,0.31,0.29,0.17,0.45,60.2
"219","Justin Jackson","RB","LAC",18,14,133,-14,145,0,-0.8,-9.5,-0.01,0.07,0.1,59.9
"220","Maurice Harris","UNK","WAS",47,28,304,464,100,0,9.9,0.66,0.16,0.13,0.31,59.4
"221","Paul Richardson","WR","WAS",34,20,262,431,47,2,12.7,0.61,0.24,0.14,0.38,59.1
"222","Dak Prescott","QB","DAL",1,0,0,4005,0,0,4005,0,0.99,0,0.7,59
"223","Mitchell Trubisky","QB","CHI",0,0,0,3851,0,0,Inf,0,1,0,0.7,59
"224","Pierre Garcon","UNK","SF",46,24,286,478,98,1,10.4,0.6,0.27,0.19,0.47,58.6
"225","Rhett Ellison","TE","NYG",35,25,272,226,130,1,6.5,1.2,0.06,0.07,0.15,58.2
"226","Jakeem Grant","WR","MIA",33,20,260,271,140,2,8.2,0.96,0.11,0.11,0.24,58
"227","Demarcus Robinson","WR","KC",31,20,198,346,66,3,11.2,0.57,0.08,0.07,0.16,57.8
"228","Amari Cooper","WR","OAK",32,22,280,337,97,1,10.5,0.83,0.24,0.14,0.37,56.9
"229","Kenneth Dixon","RB","BAL",7,6,51,-6,54,0,-0.9,-8.5,0,0.04,0.06,56.4
"230","Geoff Swaim","TE","DAL",32,26,242,139,164,1,4.3,1.74,0.07,0.13,0.25,56.2
"231","Kapri Bibbs","UNK","WAS",17,12,100,29,98,1,1.7,3.45,0.01,0.06,0.09,56.1
"232","Zach Zenner","UNK","DET",10,7,56,6,59,0,0.6,9.33,0,0.04,0.06,55.9
"233","Matt LaCosse","TE","DEN",37,24,250,203,148,1,5.5,1.23,0.06,0.08,0.16,55
"234","Jason Croom","TE","BUF",35,22,259,290,137,1,8.3,0.89,0.07,0.09,0.19,53.9
"235","Trent Taylor","WR","SF",40,26,215,254,102,1,6.3,0.85,0.08,0.09,0.19,53.5
"236","Ty Montgomery","RB","GB",23,15,157,18,136,1,0.8,8.72,0.01,0.08,0.13,53.2
"237","Ryan Griffin","TE","HOU",42,23,300,319,147,0,7.6,0.94,0.08,0.1,0.2,53
"238","Tavon Austin","WR","DAL",14,9,204,246,63,3,17.6,0.83,0.14,0.07,0.19,51.8
"239","Rex Burkhead","RB","NE",20,14,131,43,121,1,2.1,3.05,0.02,0.07,0.12,51.6
"240","Ted Ginn","WR","NO",28,16,207,464,43,2,16.6,0.45,0.31,0.14,0.42,51.3
"241","Levine Toilolo","TE","DET",23,20,248,165,110,1,7.2,1.5,0.06,0.06,0.13,50.8
"242","Isaiah McKenzie","WR","BUF",27,15,170,290,64,0,10.7,0.59,0.11,0.14,0.29,50.4
"243","T.J. Jones","UNK","DET",26,19,190,268,36,2,10.3,0.71,0.1,0.06,0.16,50
"244","Martavis Bryant","UNK","OAK",28,20,272,325,132,0,11.6,0.84,0.21,0.11,0.31,49.5
"245","Terrelle Pryor","UNK","NYJ",22,14,235,272,61,2,12.4,0.86,0.18,0.12,0.32,49.5
"246","Virgil Green","TE","LAC",29,21,223,151,110,1,5.2,1.48,0.05,0.07,0.14,49.3
"247","Trenton Cannon","RB","NYJ",25,17,144,157,118,0,6.3,0.92,0.05,0.07,0.13,48.7
"248","Equanimeous St. Brown","WR","GB",34,19,290,480,107,0,14.1,0.6,0.12,0.08,0.21,48.5
"249","James O'Shaughnessy","TE","JAC",39,25,231,263,139,0,6.7,0.88,0.08,0.09,0.19,48.1
"250","Torrey Smith","UNK","CAR",30,17,190,417,48,2,13.9,0.46,0.18,0.1,0.28,48
"251","Anthony Firkser","TE","TEN",20,19,225,133,97,1,6.7,1.69,0.07,0.09,0.19,47.5
"252","Marcus Mariota","QB","TEN",2,1,21,2567,11,0,1283.5,0.01,0.85,0.01,0.6,46.7
"253","C.J. Anderson","RB","LA",6,4,17,-4,17,0,-0.7,-4.25,-0.01,0.12,0.17,46.5
"254","Wayne Gallman","RB","NYG",22,14,89,29,81,0,1.3,3.07,0.01,0.05,0.08,46.5
"255","Chris Moore","WR","BAL",26,19,196,310,65,1,11.9,0.63,0.07,0.05,0.12,46.3
"256","Keith Kirkwood","WR","NO",21,13,209,281,49,2,13.4,0.74,0.17,0.1,0.27,45.9
"257","Ed Dickson","TE","SEA",13,12,143,71,78,3,5.5,2.01,0.03,0.05,0.1,45.2
"258","Nick Boyle","TE","BAL",37,23,213,125,135,0,3.4,1.7,0.03,0.08,0.15,44.3
"259","Jeff Wilson","UNK","SF",14,11,74,11,62,0,0.8,6.73,0.01,0.07,0.11,44.1
"260","James Washington","WR","PIT",38,16,217,629,64,1,16.6,0.34,0.15,0.07,0.21,43.7
"261","Demetrius Harris","TE","KC",23,10,150,116,63,3,5,1.29,0.03,0.05,0.1,43
"262","Russell Wilson","QB","SEA",1,1,-11,3834,-1,0,3834,0,1,0,0.7,42.9
"263","Mike Gesicki","TE","MIA",32,22,202,278,100,0,8.7,0.73,0.08,0.08,0.18,42.2
"264","Lance Kendricks","TE","GB",26,19,170,140,112,1,5.4,1.21,0.03,0.05,0.09,42
"265","Bennie Fowler","WR","NYG",27,16,199,261,76,1,9.7,0.76,0.09,0.08,0.18,41.9
"266","Luke Stocker","TE","TEN",20,14,154,180,58,2,9,0.86,0.08,0.06,0.15,41.4
"267","Blake Bortles","QB","JAC",0,0,0,2702,0,0,Inf,0,0.9,0,0.63,41.3
"268","Jay Ajayi","UNK","PHI",6,5,20,18,30,0,3,1.11,0.01,0.04,0.06,41.3
"269","Chad Williams","UNK","ARI",46,17,171,567,18,1,12.3,0.3,0.22,0.15,0.38,41
"270","Russell Shepard","WR","NYG",19,10,188,323,12,2,17,0.58,0.13,0.07,0.19,40.8
"271","Darren Fells","TE","CLE",12,11,117,57,66,3,4.8,2.05,0.02,0.04,0.08,40.7
"272","Raheem Mostert","RB","SF",7,6,25,-4,44,0,-0.6,-6.25,0,0.03,0.04,40.6
"273","Josh Hill","TE","NO",24,16,185,73,170,1,3,2.53,0.03,0.06,0.11,40.5
"274","DeAndre Carter","WR","HOU",23,20,195,79,136,0,3.4,2.47,0.05,0.11,0.19,40.2
"275","Kalen Ballage","RB","MIA",10,9,56,-15,76,0,-1.5,-3.73,-0.01,0.03,0.04,39.7
"276","Marcus Murphy","UNK","BUF",20,12,30,58,49,0,2.9,0.52,0.02,0.06,0.1,39.6
"277","Travis Benjamin","WR","LAC",23,11,185,526,60,1,22.9,0.35,0.17,0.06,0.2,39.6
"278","Charles Clay","TE","BUF",36,21,184,313,71,0,8.7,0.59,0.09,0.11,0.22,39.4
"279","Justin Hardy","WR","ATL",22,14,133,157,65,2,7.1,0.85,0.03,0.04,0.07,39.3
"280","Trent Sherfield","WR","ARI",25,16,171,287,27,1,11.5,0.6,0.13,0.1,0.25,39.1
"281","Brandon LaFell","UNK","OAK",16,12,135,133,53,2,8.3,1.02,0.18,0.14,0.33,37.5
"282","Matt Ryan","QB","ATL",1,1,5,5220,4,1,5220,0,0.97,0,0.68,37.5
"283","Malcolm Brown","RB","LA",7,5,52,18,39,1,2.6,2.89,0.01,0.02,0.03,37.4
"284","Aaron Rodgers","QB","GB",0,0,0,5212,0,0,Inf,0,0.93,0,0.65,37.3
"285","Maxx Williams","TE","BAL",17,16,143,53,97,1,3.1,2.7,0.02,0.05,0.09,37.1
"286","Michael Roberts","UNK","DET",20,9,100,127,23,3,6.3,0.79,0.07,0.08,0.17,37
"287","Tyler Eifert","TE","CIN",18,14,170,166,54,1,9.2,1.02,0.15,0.12,0.28,37
"288","Erik Swoope","UNK","IND",11,9,95,94,17,3,8.5,1.01,0.04,0.04,0.08,36.5
"289","Bruce Ellington","UNK","DET",30,23,132,99,84,0,3.3,1.33,0.12,0.23,0.43,36.4
"290","Marcell Ateman","UNK","OAK",31,15,154,353,31,1,11.4,0.44,0.21,0.15,0.37,36.4
"291","Cody Latimer","WR","NYG",16,11,190,318,23,1,19.9,0.6,0.2,0.07,0.25,36
"292","Jordan Akins","TE","HOU",24,16,198,151,123,0,6.3,1.31,0.04,0.06,0.11,35.8
"293","Alex Erickson","WR","CIN",27,18,154,292,78,0,10.8,0.53,0.07,0.05,0.12,35.6
"294","Will Dissly","TE","SEA",14,8,156,141,93,2,10.1,1.11,0.14,0.12,0.28,35.6
"295","Hayden Hurst","TE","BAL",23,13,163,165,74,1,7.2,0.99,0.06,0.07,0.16,35.3
"296","Lee Smith","TE","OAK",11,10,73,52,55,3,4.7,1.4,0.03,0.05,0.09,35.3
"297","Cody Core","WR","CIN",27,13,160,329,36,1,12.2,0.49,0.12,0.09,0.21,35
"298","Jameis Winston","QB","TB",0,0,0,4014,0,0,Inf,0,0.88,0,0.62,33.7
"299","Rod Smith","RB","DAL",12,9,60,-5,57,0,-0.4,-12,0,0.03,0.04,33.7
"300","Dan Arnold","UNK","NO",19,12,150,205,30,1,10.8,0.73,0.12,0.09,0.22,33
"301","Austin Carr","WR","NO",15,10,107,141,22,2,9.4,0.76,0.07,0.05,0.13,32.7
"302","Brandon Bolden","RB","MIA",3,3,13,-13,19,1,-4.3,-1,-0.01,0.02,0.02,32.4
"303","Brandon Marshall","UNK","SEA",24,12,144,263,25,1,11,0.55,0.18,0.15,0.35,32.4
"304","Mo Alie-Cox","TE","IND",14,7,133,155,50,2,11.1,0.86,0.06,0.04,0.11,32.3
"305","Josh Bellamy","WR","CHI",26,14,117,294,46,1,11.3,0.4,0.08,0.06,0.15,31.7
"306","Andre Holmes","UNK","BUF",23,14,176,301,42,0,13.1,0.58,0.1,0.07,0.17,31.6
"307","D.J. Chark","WR","JAC",32,14,174,283,45,0,8.8,0.61,0.11,0.08,0.19,31.4
"308","Patrick Mahomes","QB","KC",0,0,0,5069,0,0,Inf,0,1,0,0.7,31.4
"309","Taysom Hill","QB","NO",7,3,4,116,5,0,16.6,0.03,0.04,0.02,0.05,31.4
"310","Marvin Hall","UNK","ATL",19,10,149,208,57,1,10.9,0.72,0.05,0.04,0.08,30.9
"311","Jordan Leggett","UNK","NYJ",24,13,104,159,41,1,6.6,0.65,0.04,0.06,0.11,29.4
"312","Ben Roethlisberger","QB","PIT",1,1,-1,5102,-1,0,5102,0,0.97,0,0.68,29.3
"313","Richie James","WR","SF",14,9,130,76,101,1,5.4,1.71,0.03,0.04,0.07,28
"314","Deonte Thompson","UNK","DAL",21,15,129,188,38,0,9,0.69,0.11,0.1,0.23,27.9
"315","Damion Ratley","WR","CLE",20,13,144,201,51,0,10.1,0.72,0.11,0.1,0.23,27.4
"316","Drew Brees","QB","NO",1,1,1,3483,3,0,3483,0,0.97,0,0.68,27.2
"317","Cameron Meredith","WR","NO",10,9,114,92,38,1,9.2,1.24,0.14,0.09,0.24,26.4
"318","Austin Seferian-Jenkins","UNK","JAC",20,11,90,95,36,1,4.8,0.95,0.07,0.1,0.19,26
"319","Garrett Celek","TE","SF",8,5,90,90,43,2,11.2,1,0.05,0.04,0.09,26
"320","Michael Floyd","UNK","WAS",24,10,100,326,29,1,13.6,0.31,0.13,0.08,0.21,26
"321","Andre Roberts","WR","NYJ",17,10,79,150,17,1,8.8,0.53,0.03,0.03,0.07,25.9
"322","Ryan Fitzpatrick","QB","TB",0,0,0,2464,0,0,Inf,0,0.75,0,0.52,25.9
"323","Andy Jones","UNK","DET",24,11,80,220,26,1,9.2,0.36,0.19,0.12,0.31,25
"324","Jeff Driskel","QB","CIN",0,0,0,1305,0,0,Inf,0,0.71,0,0.5,24.9
"325","Ty Montgomery","RB","BAL",17,10,65,50,64,0,2.9,1.3,0.04,0.12,0.21,24.8
"326","Deontay Burnett","UNK","NYJ",14,10,143,149,22,0,10.6,0.96,0.08,0.08,0.18,24.3
"327","Jake Kumerow","WR","GB",11,8,103,111,23,1,10.1,0.93,0.06,0.05,0.12,24.3
"328","Brandon Powell","UNK","DET",17,11,129,47,115,0,2.8,2.74,0.03,0.08,0.14,24.3
"329","Logan Paulsen","TE","ATL",9,9,91,33,58,1,3.7,2.76,0.01,0.03,0.06,24.1
"330","Anthony Sherman","RB","KC",9,8,96,44,56,1,4.9,2.18,0.02,0.03,0.06,23.8
"331","Dalton Schultz","TE","DAL",17,12,116,70,66,0,4.1,1.66,0.03,0.06,0.11,23.6
"332","Scott Simonson","TE","NYG",14,9,86,66,31,1,4.7,1.3,0.02,0.04,0.07,23.6
"333","Taquan Mizzell","UNK","CHI",10,8,78,50,34,1,5,1.56,0.02,0.04,0.08,23.3
"334","Bruce Ellington","UNK","HOU",12,8,92,129,24,1,10.8,0.71,0.1,0.11,0.23,23.2
"335","Jared Goff","QB","LA",0,0,0,4808,0,0,Inf,0,0.99,0,0.69,22.8
"336","Nick O'Leary","TE","MIA",10,8,86,61,65,1,6.1,1.41,0.04,0.05,0.1,22.6
"337","Trey Quinn","WR","WAS",10,9,75,73,17,1,7.3,1.03,0.09,0.1,0.2,22.5
"338","Tyrod Taylor","QB","CLE",0,0,0,869,0,0,Inf,0,0.8,0,0.56,22.5
"339","Alex Smith","QB","WAS",0,0,0,2582,0,0,Inf,0,0.95,0,0.67,22
"340","Marcus Johnson","WR","IND",8,6,102,110,28,1,13.8,0.93,0.07,0.04,0.11,22
"341","MyCole Pruitt","TE","TEN",9,7,89,102,19,1,11.3,0.87,0.1,0.06,0.16,21.9
"342","Ryan Tannehill","QB","MIA",1,1,3,2185,1,1,2185,0,0.93,0,0.66,21.9
"343","Luke Willson","UNK","DET",20,13,87,71,58,0,3.5,1.23,0.03,0.05,0.1,21.7
"344","Carlos Hyde","RB","JAC",7,4,4,-14,16,0,-2,-0.29,-0.01,0.03,0.04,21.6
"345","Case Keenum","QB","DEN",0,0,0,4295,0,0,Inf,0,0.98,0,0.68,21.3
"346","Darius Jennings","WR","TEN",15,11,101,163,37,0,10.9,0.62,0.05,0.04,0.1,21.3
"347","Ronald Jones","RB","TB",9,7,33,-14,42,0,-1.6,-2.36,0,0.03,0.05,20.7
"348","Vyncint Smith","UNK","HOU",10,5,91,239,6,1,23.9,0.38,0.15,0.07,0.21,20.1
"349","C.J. Anderson","RB","CAR",3,1,24,5,24,1,1.7,4.8,0,0.01,0.02,19.8
"350","Corey Grant","UNK","JAC",12,9,67,-3,83,0,-0.2,-22.33,0,0.06,0.08,19.7
"351","Derek Carrier","TE","OAK",12,7,67,105,16,1,8.8,0.64,0.05,0.04,0.09,19.7
"352","Dontrell Hilliard","RB","CLE",10,9,105,31,90,0,3.1,3.39,0.01,0.03,0.05,19.5
"353","Eli Rogers","UNK","PIT",14,12,79,62,40,0,4.4,1.27,0.06,0.11,0.21,19.5
"354","Kirk Cousins","QB","MIN",1,1,-1,4351,2,0,4351,0,1,0,0.7,19.3
"355","Derek Carr","QB","OAK",1,1,-9,3802,-9,0,3802,0,1,0,0.7,18.8
"356","Stevan Ridley","UNK","PIT",4,3,18,9,12,0,2.2,2,0,0.01,0.02,18.8
"357","Leonte Carroo","UNK","MIA",4,2,94,105,36,1,26.2,0.9,0.11,0.03,0.13,18.8
"358","Logan Thomas","TE","BUF",16,11,76,146,30,0,9.1,0.52,0.05,0.06,0.13,18.6
"359","Jermaine Gresham","UNK","ARI",12,9,94,24,75,0,2,3.92,0.01,0.05,0.09,18.4
"360","Sam Darnold","QB","NYJ",0,0,0,3839,0,0,Inf,0,1,0,0.7,18.4
"361","Seth DeValve","TE","CLE",7,5,74,87,15,1,12.4,0.85,0.04,0.03,0.06,18.4
"362","Brice Butler","UNK","MIA",8,6,60,68,1,1,8.5,0.88,0.09,0.09,0.19,18
"363","Josh Johnson","QB","WAS",0,0,0,812,0,0,Inf,0,0.9,0,0.63,18
"364","Robert Tonyan","TE","GB",6,4,77,83,10,1,13.8,0.93,0.04,0.02,0.06,17.7
"365","Cameron Artis-Payne","UNK","CAR",4,3,15,-5,15,0,-1.2,-3,0,0.02,0.03,17.4
"366","Tom Brady","QB","NE",1,1,6,4554,6,0,4554,0,0.97,0,0.68,17.1
"367","Niles Paul","UNK","JAC",12,9,79,95,25,0,7.9,0.83,0.06,0.05,0.12,16.6
"368","Darrel Williams","RB","KC",3,3,27,-7,34,1,-2.3,-3.86,-0.01,0.02,0.03,16.1
"369","Tommylee Lewis","UNK","NO",3,3,60,59,1,1,19.7,1.02,0.03,0.01,0.04,16
"370","Adam Shaheen","TE","CHI",6,5,48,59,13,1,9.8,0.81,0.07,0.06,0.15,15.8
"371","Darren Waller","TE","OAK",6,6,75,19,56,0,3.2,3.95,0.02,0.05,0.08,15.6
"372","Elijhaa Penny","RB","NYG",9,8,50,2,51,0,0.2,25,0,0.03,0.04,15.5
"373","Dwayne Washington","RB","NO",0,0,0,0,0,0,NA,NA,0,0,0,15.4
"374","Andrew Luck","UNK","IND",2,1,4,4715,0,0,2357.5,0,0.99,0,0.7,15.1
"375","Jeremy Sprinkle","TE","WAS",9,5,41,58,21,1,6.4,0.71,0.04,0.05,0.1,15.1
"376","Blake Bell","TE","JAC",11,8,67,58,38,0,5.3,1.16,0.04,0.05,0.1,14.7
"377","Xavier Grimble","TE","PIT",8,6,86,56,56,0,7,1.54,0.02,0.03,0.06,14.6
"378","Cameron Batson","WR","TEN",10,7,72,75,42,0,7.5,0.96,0.04,0.05,0.1,14.3
"379","Devonta Freeman","RB","ATL",7,5,23,1,20,0,0.1,23,0,0.08,0.12,14.1
"380","A.J. Derby","UNK","MIA",5,3,48,44,9,1,8.8,1.09,0.07,0.06,0.14,13.8
"381","Josh Rosen","QB","ARI",0,0,0,3242,0,0,Inf,0,0.89,0,0.62,13.8
"382","J.J. Nelson","WR","ARI",19,7,64,358,24,0,18.8,0.18,0.16,0.07,0.21,13.4
"383","Jake Butt","TE","DEN",12,7,63,86,33,0,7.2,0.73,0.09,0.11,0.24,13.3
"384","Brian Hill","RB","ATL",1,0,0,3,0,0,3,0,0,0.01,0.01,13.2
"385","Chris Manhertz","TE","CAR",5,2,52,33,45,1,6.6,1.58,0.05,0.05,0.11,13.2
"386","Kevin White","UNK","CHI",8,4,92,185,6,0,23.1,0.5,0.18,0.08,0.24,13.2
"387","Baker Mayfield","QB","CLE",1,0,0,4476,0,0,4476,0,0.91,0,0.64,13.1
"388","Eric Tomlinson","TE","NYJ",13,7,61,85,73,0,6.5,0.72,0.03,0.04,0.09,13.1
"389","DeAndre Washington","RB","OAK",1,1,9,2,7,0,2,4.5,0,0,0.01,13
"390","Keith Ford","UNK","BUF",5,3,21,-9,22,0,-1.8,-2.33,-0.01,0.07,0.1,13
"391","C.J. Beathard","QB","SF",0,0,0,1068,0,0,Inf,0,1,0,0.7,12.9
"392","Tyler Conklin","TE","MIN",7,5,77,59,31,0,8.4,1.31,0.06,0.05,0.12,12.7
"393","Corey Coleman","WR","NYG",8,5,71,100,8,0,12.5,0.71,0.04,0.03,0.08,12.6
"394","De'Anthony Thomas","WR","KC",5,3,29,71,27,1,14.2,0.41,0.05,0.04,0.09,12.5
"395","Mark Walton","RB","CIN",7,5,41,-8,48,0,-1.1,-5.12,0,0.02,0.03,12.5
"396","Cody Kessler","UNK","JAC",0,0,0,875,0,0,Inf,0,0.88,0,0.61,12.3
"397","John Kelly","UNK","LA",3,2,27,-6,27,0,-2,-4.5,-0.01,0.03,0.04,12.1
"398","David Grinnage","UNK","JAC",8,6,61,63,18,0,7.9,0.97,0.09,0.07,0.18,12.1
"399","Rashad Greene","UNK","JAC",8,6,60,60,15,0,7.5,1,0.04,0.03,0.08,12
"400","Antony Auclair","TE","TB",8,7,48,40,8,0,5,1.2,0.01,0.03,0.06,11.8
"401","Josh Perkins","UNK","PHI",11,5,67,122,16,0,11.1,0.55,0.07,0.05,0.12,11.7
"402","Charcandrick West","UNK","KC",3,2,37,16,25,1,5.3,2.31,0.02,0.05,0.09,11.6
"403","Kamar Aiken","UNK","PHI",7,6,53,47,11,0,6.7,1.13,0.07,0.07,0.15,11.3
"404","Dwayne Harris","WR","OAK",6,6,40,-7,47,0,-1.2,-5.71,0,0.01,0.02,11.2
"405","Durham Smythe","TE","MIA",11,6,50,47,7,0,4.3,1.06,0.02,0.05,0.09,11
"406","T.J. Logan","RB","ARI",7,7,37,-2,39,0,-0.3,-18.5,0,0.04,0.06,10.9
"407","Nathan Peterman","QB","BUF",0,0,0,545,0,0,Inf,0,0.41,0,0.28,10.8
"408","Carson Wentz","QB","PHI",1,1,4,3073,9,0,3073,0,1,0,0.7,10.7
"409","D'Onta Foreman","UNK","HOU",2,2,28,18,10,1,9,1.56,0.04,0.05,0.11,10.7
"410","Matt Lengel","UNK","CIN",8,3,17,40,7,1,5,0.42,0.02,0.04,0.07,10.7
"411","Neal Sterling","UNK","NYJ",8,6,47,31,29,0,3.9,1.52,0.03,0.07,0.12,10.7
"412","Russell Gage","WR","ATL",9,5,56,105,12,0,11.7,0.53,0.04,0.03,0.07,10.6
"413","Noah Brown","WR","DAL",8,5,54,75,20,0,9.4,0.72,0.05,0.03,0.08,10.4
"414","Patrick DiMarco","RB","BUF",4,3,62,27,35,0,6.8,2.3,0.01,0.02,0.03,10.1
"415","Tommy Bohanon","UNK","JAC",9,6,41,32,35,0,3.6,1.28,0.02,0.03,0.06,10.1
"416","Andy Dalton","QB","CIN",0,0,0,2896,0,0,Inf,0,0.87,0,0.61,9.9
"417","Eric Saubert","UNK","ATL",9,5,48,48,13,0,5.3,1,0.02,0.03,0.06,9.8
"418","Cody Hollister","UNK","NE",5,4,52,41,16,0,8.2,1.27,0.04,0.04,0.09,9.2
"419","Delanie Walker","TE","TEN",7,4,52,47,24,0,6.7,1.11,0.17,0.18,0.38,9.2
"420","Derrick Willies","UNK","CLE",5,3,61,18,54,0,3.6,3.39,0.05,0.12,0.21,9.1
"421","Ray-Ray McCloud","WR","BUF",6,5,36,13,28,0,2.2,2.77,0.01,0.02,0.04,9
"422","Matthew Stafford","QB","DET",1,1,16,3885,2,0,3885,0,0.96,0,0.67,8.9
"423","Josh Gordon","WR","CLE",3,1,17,129,17,1,43,0.13,0.29,0.08,0.32,8.7
"424","David Morgan","TE","MIN",6,5,36,9,27,0,1.5,4,0.01,0.03,0.05,8.6
"425","Brian Parker","UNK","DEN",10,5,33,43,29,0,4.3,0.77,0.02,0.04,0.07,8.3
"426","Detrez Newsome","UNK","LAC",2,2,19,0,19,0,0,Inf,0,0.01,0.02,8.2
"427","Eli Manning","QB","NYG",0,0,0,4279,0,0,Inf,0,0.91,0,0.64,8
"428","Jawill Davis","UNK","NYG",8,4,40,127,4,0,15.9,0.31,0.06,0.03,0.09,8
"429","Chad Beebe","WR","MIN",4,4,39,51,12,0,12.8,0.76,0.06,0.04,0.11,7.9
"430","Kyle Allen","QB","CAR",0,0,0,243,0,0,Inf,0,0.36,0,0.25,7.9
"431","Tyler Kroft","TE","CIN",6,4,36,43,17,0,7.2,0.84,0.03,0.03,0.07,7.6
"432","Auden Tate","WR","CIN",12,4,35,136,7,0,11.3,0.26,0.11,0.09,0.22,7.5
"433","Rico Gathers","TE","DAL",7,3,45,70,27,0,10,0.64,0.04,0.04,0.08,7.5
"434","Bobo Wilson","WR","TB",4,3,44,53,13,0,13.2,0.83,0.03,0.02,0.06,7.4
"435","Keith Smith","RB","OAK",7,5,23,23,18,0,3.3,1,0.01,0.03,0.05,7.3
"436","Ben Braunecker","TE","CHI",5,3,42,88,4,0,17.6,0.48,0.04,0.02,0.06,7.2
"437","Bradley Sowell","TE","CHI",2,1,2,4,0,1,2,0.5,0.01,0.02,0.04,7.2
"438","Javon Wims","WR","CHI",5,4,32,34,2,0,6.8,0.94,0.07,0.1,0.19,7.2
"439","Kenjon Barner","RB","NE",0,0,0,0,0,0,NA,NA,0,0,0,7.1
"440","Roc Thomas","UNK","MIN",4,2,21,8,12,0,2,2.62,0.01,0.02,0.03,7.1
"441","Ryan Hewitt","UNK","IND",2,1,1,6,0,1,3,0.17,0.01,0.02,0.03,7.1
"442","Marcedes Lewis","TE","GB",4,3,39,5,31,0,1.2,7.8,0,0.03,0.05,6.9
"443","Mike Boone","RB","MIN",3,2,1,-2,5,0,-0.7,-0.5,0,0.01,0.02,6.8
"444","John Phillips","UNK","ARI",3,3,38,30,8,0,10,1.27,0.04,0.05,0.1,6.8
"445","Byron Marshall","UNK","WAS",5,3,28,10,26,0,2,2.8,0.01,0.03,0.06,6.7
"446","Deonte Thompson","UNK","BUF",10,3,37,190,4,0,19,0.19,0.09,0.07,0.16,6.7
"447","Jalen Tolliver","UNK","ARI",6,3,37,83,14,0,13.8,0.45,0.09,0.06,0.15,6.7
"448","Samaje Perine","RB","WAS",4,3,5,-9,9,0,-2.2,-0.56,-0.01,0.03,0.04,6.7
"449","Tyler Ervin","RB","HOU",4,3,35,25,12,0,6.2,1.4,0.01,0.01,0.03,6.5
"450","Shaun Wilson","RB","TB",5,3,5,35,5,0,7,0.14,0.02,0.03,0.05,6.4
"451","Colt McCoy","QB","WAS",0,0,0,479,0,0,Inf,0,0.53,0,0.37,6.3
"452","Mike Gillislee","UNK","NO",1,1,9,0,9,0,0,Inf,0,0.01,0.01,5.8
"453","Shelton Gibson","UNK","PHI",3,1,48,100,0,0,33.3,0.48,0.07,0.02,0.07,5.8
"454","Tre Madden","UNK","SEA",3,2,35,25,16,0,8.3,1.4,0.01,0.01,0.03,5.8
"455","Dwayne Allen","UNK","NE",4,3,27,32,28,0,8,0.84,0.03,0.04,0.07,5.7
"456","Jordan Franks","UNK","CIN",3,2,37,46,14,0,15.3,0.8,0.05,0.03,0.08,5.7
"457","Nick Bellore","RB","DET",4,4,15,1,14,0,0.2,15,0,0.02,0.02,5.5
"458","KhaDarel Hodge","WR","LA",4,3,24,24,0,0,6,1,0.01,0.02,0.04,5.4
"459","River Cracraft","UNK","DEN",2,1,44,68,7,0,34,0.65,0.03,0.01,0.03,5.4
"460","Orson Charles","UNK","CLE",5,3,23,17,24,0,3.4,1.35,0.01,0.02,0.03,5.3
"461","Justin Hunter","UNK","PIT",13,3,21,235,2,0,18.1,0.09,0.17,0.08,0.23,5.1
"462","C.J. Prosise","RB","SEA",3,3,22,5,17,0,1.7,4.4,0.01,0.05,0.08,4.9
"463","Brian Quick","UNK","WAS",3,3,18,17,1,0,5.7,1.06,0.03,0.04,0.08,4.8
"464","Kelvin Benjamin","UNK","KC",5,2,26,65,1,0,13,0.4,0.08,0.05,0.13,4.6
"465","Charone Peake","UNK","NYJ",3,2,25,40,4,0,13.3,0.62,0.02,0.02,0.04,4.5
"466","Joe Flacco","QB","BAL",0,0,0,3269,0,0,Inf,0,0.96,0,0.67,4.5
"467","Kapri Bibbs","UNK","GB",5,3,13,3,8,0,0.6,4.33,0.01,0.12,0.19,4.5
"468","Chad Henne","QB","KC",2,2,19,32,5,0,16,0.59,0.03,0.02,0.06,4.2
"469","Johnny Townsend","UNK","OAK",0,0,0,0,0,0,NA,NA,0,0,0,4.2
"470","De'Lance Turner","UNK","BAL",2,2,17,3,14,0,1.5,5.67,0,0.02,0.03,4.1
"471","DeAndre Carter","WR","PHI",2,2,21,7,14,0,3.5,3,0,0.01,0.02,4.1
"472","Jeremy Hill","UNK","NE",1,1,6,1,5,0,1,6,0,0.03,0.04,4.1
"473","Ricky Ortiz","UNK","ATL",4,3,11,-1,13,0,-0.2,-11,0,0.03,0.04,4.1
"474","Rishard Matthews","UNK","TEN",6,3,11,20,5,0,3.3,0.55,0.04,0.07,0.13,4.1
"475","Derrick Coleman","UNK","ARI",3,2,17,27,7,0,9,0.63,0.01,0.01,0.02,4
"476","Malik Turner","WR","SEA",3,2,20,11,14,0,3.7,1.82,0.02,0.06,0.11,4
"477","Ameer Abdullah","RB","DET",2,2,18,-1,19,0,-0.5,-18,0,0.02,0.03,3.9
"478","Benny Cunningham","UNK","CHI",2,1,9,-12,13,0,-6,-0.75,0,0.01,0.01,3.9
"479","Terrance Williams","UNK","DAL",3,2,18,27,6,0,9,0.67,0.06,0.05,0.12,3.8
"480","Nick Foles","QB","PHI",1,1,10,1277,2,0,1277,0.01,0.95,0.01,0.67,3.7
"481","Nick Williams","WR","LA",3,2,17,18,5,0,6,0.94,0.03,0.05,0.09,3.7
"482","Dave Williams","UNK","JAC",0,0,0,0,0,0,NA,NA,0,0,0,3.6
"483","Terrelle Pryor","UNK","BUF",8,2,17,111,1,0,13.9,0.15,0.19,0.11,0.3,3.6
"484","J'Mon Moore","UNK","GB",3,2,15,19,6,0,6.3,0.79,0.01,0.02,0.04,3.5
"485","Jamaal Charles","UNK","JAC",3,2,7,4,5,0,1.3,1.75,0.01,0.04,0.07,3.4
"486","DeShone Kizer","QB","GB",0,0,0,415,0,0,Inf,0,0.41,0,0.29,3.4
"487","Ross Dwelley","TE","SF",2,2,14,13,1,0,6.5,1.08,0.02,0.02,0.05,3.4
"488","Sean Culkin","TE","LAC",1,1,24,24,0,0,24,1,0.19,0.03,0.18,3.4
"489","Brandon Zylstra","WR","MIN",2,1,23,43,8,0,21.5,0.53,0.03,0.01,0.04,3.3
"490","Jamize Olawale","RB","DAL",4,2,13,1,13,0,0.2,13,0,0.02,0.02,3.3
"491","Joe Webb","QB","HOU",3,2,13,17,6,0,5.7,0.76,0.02,0.02,0.04,3.3
"492","Rishard Matthews","UNK","NYJ",3,2,13,37,0,0,12.3,0.35,0.05,0.03,0.08,3.3
"493","Tyrone Swoopes","UNK","SEA",1,1,23,8,15,0,8,2.88,0.04,0.05,0.09,3.3
"494","Gehrig Dieter","WR","KC",3,1,22,54,13,0,18,0.41,0.09,0.05,0.13,3.2
"495","Josh McCown","QB","NYJ",0,0,0,757,0,0,Inf,0,0.8,0,0.56,3.2
"496","Travaris Cadet","UNK","CAR",1,1,5,1,4,0,1,5,0,0.03,0.05,3.2
"497","Hakeem Valles","UNK","DET",3,2,11,25,1,0,8.3,0.44,0.04,0.04,0.08,3.1
"498","Taylor Heinicke","UNK","CAR",0,0,0,512,0,0,Inf,0,0.3,0,0.21,3.1
"499","Alan Cross","UNK","TB",5,2,9,12,7,0,2.4,0.75,0.01,0.02,0.04,2.9
"500","Dion Sims","UNK","CHI",4,2,9,36,9,0,9,0.25,0.05,0.05,0.1,2.9
"501","Jeremy Kerley","UNK","BUF",4,2,7,15,15,0,3.8,0.47,0.03,0.12,0.2,2.7
"502","Jeremy Langford","UNK","ATL",0,0,0,0,0,0,NA,NA,0,0,0,2.4
"503","Matt Flanagan","UNK","WAS",2,1,14,21,7,0,10.5,0.67,0.05,0.04,0.09,2.4
"504","Tim White","UNK","BAL",1,1,14,14,0,0,14,1,0.01,0.01,0.02,2.4
"505","Robert Turbin","UNK","IND",2,1,3,-6,3,0,-3,-0.5,-0.01,0.02,0.03,2.3
"506","Josh Malone","UNK","CIN",5,1,12,40,0,0,8,0.3,0.04,0.04,0.1,2.2
"507","Sam Shields","UNK","LA",1,1,12,147,6,0,147,0.08,0.05,0,0.04,2.2
"508","Sammie Coates","UNK","HOU",2,1,12,9,5,0,4.5,1.33,0.01,0.02,0.03,2.2
"509","Ameer Abdullah","RB","MIN",2,1,10,18,9,0,9,0.56,0.01,0.01,0.02,2
"510","Victor Bolden","UNK","SF",4,1,10,47,1,0,11.8,0.21,0.19,0.07,0.24,2
"511","Brock Osweiler","UNK","MIA",0,0,0,1395,0,0,Inf,0,0.66,0,0.46,1.9
"512","Cam Phillips","UNK","BUF",1,1,9,13,7,0,13,0.69,0.02,0.01,0.04,1.9
"513","De'Angelo Sr. Henderson","UNK","NYJ",0,0,0,0,0,0,NA,NA,0,0,0,1.9
"514","Jimmy Garoppolo","QB","SF",0,0,0,816,0,0,Inf,0,1,0,0.7,1.9
"515","Justin Davis","UNK","LA",0,0,0,0,0,0,NA,NA,0,0,0,1.9
"516","Kyle Williams","UNK","BUF",1,1,9,147,10,0,147,0.06,0.03,0,0.02,1.9
"517","Damiere Byrd","WR","CAR",2,1,8,25,1,0,12.5,0.32,0.02,0.01,0.02,1.8
"518","Darvin Kidsy","UNK","WAS",2,1,8,18,2,0,9,0.44,0.07,0.07,0.16,1.8
"519","Keon Hatcher","UNK","OAK",2,1,8,14,8,0,7,0.57,0.03,0.03,0.06,1.8
"520","Allen Lazard","WR","GB",1,1,7,7,0,0,7,1,0.02,0.02,0.05,1.7
"521","Brandon Wilds","UNK","JAC",0,0,0,43,0,0,Inf,0,0.04,0,0.03,1.7
"522","Jonathan Stewart","UNK","NYG",0,0,0,0,0,0,NA,NA,0,0,0,1.7
"523","Marcus Kemp","WR","KC",2,1,7,4,8,0,2,1.75,0,0.01,0.02,1.7
"524","Richard Rodgers","TE","PHI",1,1,7,-2,9,0,-2,-3.5,-0.01,0.02,0.03,1.7
"525","Darius Jackson","UNK","DAL",1,0,0,-1,0,0,-1,0,0,0.01,0.02,1.6
"526","David Fluellen","RB","TEN",0,0,0,0,0,0,NA,NA,0,0,0,1.6
"527","Michael Burton","UNK","CHI",1,1,6,0,6,0,0,Inf,0,0.02,0.03,1.6
"528","Andre Holmes","UNK","DEN",1,1,5,-3,8,0,-3,-1.67,-0.01,0.02,0.02,1.5
"529","Johnny Mundt","TE","LA",1,1,5,0,5,0,0,Inf,0,0.04,0.05,1.5
"530","Justin Watson","WR","TB",3,1,5,15,0,0,5,0.33,0.01,0.01,0.02,1.5
"531","Khari Lee","UNK","BUF",1,1,5,-1,6,0,-1,-5,0,0.03,0.04,1.5
"532","J.J. Jones","UNK","NYJ",1,1,3,2,1,0,2,1.5,0.01,0.04,0.06,1.3
"533","Kenjon Barner","RB","CAR",1,1,3,3,0,0,3,1,0,0.01,0.01,1.3
"534","Matt Cassel","UNK","DET",0,0,0,124,0,0,Inf,0,0.17,0,0.12,1.3
"535","Jehu Chesson","UNK","WAS",2,1,7,22,0,0,11,0.32,0.01,0.01,0.03,1.3
"536","Darrius Heyward-Bey","UNK","PIT",2,1,9,25,10,0,12.5,0.36,0.03,0.01,0.04,1.2
"537","Jonathan Williams","RB","NO",1,1,1,1,0,0,1,1,0,0.01,0.01,1.1
"538","Christine Michael","UNK","IND",0,0,0,0,0,0,NA,NA,0,0,0,0.9
"539","J.D. McKissic","RB","SEA",1,0,0,7,0,0,7,0,0.01,0.01,0.03,0.8
"540","Mark Sanchez","UNK","WAS",0,0,0,220,0,0,Inf,0,0.66,0,0.47,0.8
"541","Rob Kelley","UNK","WAS",0,0,0,0,0,0,NA,NA,0,0,0,0.8
"542","Philip Rivers","QB","LAC",0,0,0,3938,0,0,Inf,0,1,0,0.7,0.7
"543","Sam Bradford","UNK","ARI",0,0,0,512,0,0,Inf,0,0.87,0,0.61,0.7
"544","Joshua Dobbs","QB","PIT",0,0,0,59,0,0,Inf,0,0.05,0,0.04,0.6
"545","Teddy Bridgewater","QB","NO",0,0,0,141,0,0,Inf,0,0.17,0,0.12,0.5
"546","Jeremy McNichols","UNK","IND",0,0,0,0,0,0,NA,NA,0,0,0,0.4
"547","Matt Schaub","QB","ATL",1,1,-7,32,0,0,32,-0.22,0.05,0.01,0.06,0.3
"548","AJ McCarron","QB","OAK",0,0,0,7,0,0,Inf,0,0.02,0,0.01,0.2
"549","Geno Smith","QB","LAC",0,0,0,11,0,0,Inf,0,0.02,0,0.01,0.2
"550","Blaine Gabbert","QB","TEN",0,0,0,756,0,0,Inf,0,0.58,0,0.41,0.1
"551","Brent Grimes","UNK","TB",0,0,0,284,0,0,Inf,0,0.05,0,0.04,0.1
"552","Aaron Wallace","UNK","TEN",0,0,0,0,0,0,NA,NA,0,0,0,0
"553","Adam Jones","UNK","DEN",0,0,0,55,0,0,Inf,0,0.03,0,0.02,0
"554","Adolphus Washington","UNK","BUF",0,0,0,0,0,0,NA,NA,0,0,0,0
"555","Adolphus Washington","UNK","CIN",0,0,0,7,0,0,Inf,0,0.01,0,0.01,0
"556","Adonis Alexander","UNK","WAS",0,0,0,0,0,0,NA,NA,0,0,0,0
"557","Akeem Spence","UNK","MIA",0,0,0,99,0,0,Inf,0,0.03,0,0.02,0
"558","Alex Tanney","QB","NYG",1,0,0,8,0,0,8,0,0.03,0.03,0.06,0
"559","Andre Branch","UNK","MIA",0,0,0,-5,0,0,-Inf,0,0,0,0,0
"560","Andre Hal","UNK","HOU",0,0,0,203,0,0,Inf,0,0.11,0,0.08,0
"561","Andrew Adams","UNK","TB",0,0,0,245,0,0,Inf,0,0.06,0,0.04,0
"562","Anthony Wint","UNK","NYJ",0,0,0,0,0,0,NA,NA,0,0,0,0
"563","Anthony Zettel","UNK","CLE",0,0,0,17,0,0,Inf,0,0.01,0,0.01,0
"564","Antonio Morrison","UNK","GB",0,0,0,72,0,0,Inf,0,0.01,0,0.01,0
"565","B.J. Bello","UNK","PHI",0,0,0,0,0,0,NA,NA,0,0,0,0
"566","Barry Church","UNK","JAC",0,0,0,159,0,0,Inf,0,0.07,0,0.05,0
"567","Ben Jacobs","UNK","CAR",0,0,0,10,0,0,Inf,0,0.01,0,0,0
"568","Bene' Benwikere","UNK","ARI",0,0,0,261,0,0,Inf,0,0.11,0,0.08,0
"569","Bene' Benwikere","UNK","OAK",0,0,0,5,0,0,Inf,0,0.03,0,0.02,0
"570","Bennie Logan","UNK","TEN",0,0,0,-6,0,0,-Inf,0,0,0,0,0
"571","Blair Brown","UNK","JAC",0,0,0,7,0,0,Inf,0,0.01,0,0.01,0
"572","Blake Countess","UNK","LA",0,0,0,43,0,0,Inf,0,0.01,0,0.01,0
"573","Boston Scott","UNK","PHI",0,0,0,0,0,0,NA,NA,0,0,0,0
"574","Brandon Bell","UNK","CIN",0,0,0,0,0,0,NA,NA,0,0,0,0
"575","Brandon Fusco","UNK","ATL",0,0,0,0,0,0,NA,NA,0,0,0,0
"576","Brandon Marshall","UNK","DEN",0,0,0,79,0,0,Inf,0,0.02,0,0.02,0
"577","Brandon Tate","UNK","NO",0,0,0,0,0,0,NA,NA,0,0,0,0
"578","Brendan Langley","UNK","DEN",0,0,0,0,0,0,NA,NA,0,0,0,0
"579","Brett Hundley","QB","SEA",0,0,0,7,0,0,Inf,0,0.02,0,0.02,0
"580","Brian Orakpo","UNK","TEN",0,0,0,96,0,0,Inf,0,0.04,0,0.03,0
"581","Brian Peters","UNK","HOU",0,0,0,14,0,0,Inf,0,0.01,0,0.01,0
"582","Brian Price","UNK","CLE",0,0,0,-2,0,0,-Inf,0,0,0,0,0
"583","Brian Price","UNK","OAK",0,0,0,0,0,0,NA,NA,0,0,0,0
"584","Brice Butler","UNK","DAL",1,0,0,46,0,0,46,0,0.13,0.03,0.13,0
"585","Briean Boddy-Calhoun","UNK","CLE",0,0,0,290,0,0,Inf,0,0.06,0,0.04,0
"586","Brock Coyle","UNK","SF",0,0,0,8,0,0,Inf,0,0.02,0,0.01,0
"587","Bruce Carter","UNK","ATL",0,0,0,28,0,0,Inf,0,0.01,0,0.01,0
"588","Bruce Hector","UNK","PHI",0,0,0,0,0,0,NA,NA,0,0,0,0
"589","Bryan Anger","UNK","TB",0,0,0,10,0,0,Inf,0,0,0,0,0
"590","Bryan Cox","UNK","CAR",0,0,0,6,0,0,Inf,0,0,0,0,0
"591","Bryan Witzmann","UNK","CHI",0,0,0,39,0,0,Inf,0,0.08,0,0.06,0
"592","Buddy Howell","RB","HOU",0,0,0,0,0,0,NA,NA,0,0,0,0
"593","Byron Bell","UNK","GB",0,0,0,0,0,0,NA,NA,0,0,0,0
"594","C.J. Reavis","UNK","JAC",0,0,0,0,0,0,NA,NA,0,0,0,0
"595","Caleb Sturgis","UNK","LAC",0,0,0,0,0,0,NA,NA,0,0,0,0
"596","Cameron Lynch","UNK","TB",0,0,0,0,0,0,NA,NA,0,0,0,0
"597","Cameron Malveaux","UNK","ARI",0,0,0,-2,0,0,-Inf,0,0,0,0,0
"598","Cameron Malveaux","UNK","MIA",0,0,0,0,0,0,NA,NA,0,0,0,0
"599","Captain Munnerlyn","UNK","CAR",0,0,0,312,0,0,Inf,0,0.08,0,0.05,0
"600","Caraun Reid","UNK","DAL",0,0,0,36,0,0,Inf,0,0.02,0,0.01,0
"601","Carl Davis","UNK","CLE",0,0,0,0,0,0,NA,NA,0,0,0,0
"602","Carroll Phillips","UNK","IND",0,0,0,2,0,0,Inf,0,0,0,0,0
"603","Chandler Catanzaro","UNK","CAR",0,0,0,0,0,0,NA,NA,0,0,0,0
"604","Chandler Catanzaro","UNK","TB",0,0,0,0,0,0,NA,NA,0,0,0,0
"605","Chase Daniel","QB","CHI",0,0,0,628,0,0,Inf,0,0.52,0,0.37,0
"606","Chris Banjo","UNK","NO",0,0,0,101,0,0,Inf,0,0.07,0,0.05,0
"607","Chris Clark","UNK","CAR",0,0,0,17,0,0,Inf,0,0.03,0,0.02,0
"608","Chris Conte","UNK","TB",0,0,0,62,0,0,Inf,0,0.1,0,0.07,0
"609","Chris Covington","UNK","DAL",0,0,0,0,0,0,NA,NA,0,0,0,0
"610","Chris Lacy","WR","DET",1,0,0,9,0,0,9,0,0.04,0.03,0.08,0
"611","Chris Long","UNK","PHI",0,0,0,76,0,0,Inf,0,0.02,0,0.01,0
"612","Chris Worley","UNK","CIN",0,0,0,0,0,0,NA,NA,0,0,0,0
"613","Christian Ringo","UNK","CIN",0,0,0,-5,0,0,-Inf,0,0,0,0,0
"614","Clint Boling","UNK","CIN",0,0,0,14,0,0,Inf,0,0.06,0,0.04,0
"615","Cody Parkey","UNK","CHI",0,0,0,0,0,0,NA,NA,0,0,0,0
"616","Colby Gossett","UNK","ARI",0,0,0,0,0,0,NA,NA,0,0,0,0
"617","Cole Wick","UNK","SF",1,0,0,1,0,0,1,0,0,0.01,0.02,0
"618","Colton Schmidt","UNK","BUF",0,0,0,0,0,0,NA,NA,0,0,0,0
"619","Connor Barwin","UNK","NYG",0,0,0,19,0,0,Inf,0,0.01,0,0,0
"620","Corey Graham","UNK","PHI",0,0,0,271,0,0,Inf,0,0.08,0,0.06,0
"621","Corey Moore","UNK","IND",0,0,0,66,0,0,Inf,0,0.03,0,0.02,0
"622","Corn Elder","UNK","CAR",0,0,0,29,0,0,Inf,0,0.06,0,0.04,0
"623","Coty Sensabaugh","UNK","PIT",0,0,0,322,0,0,Inf,0,0.07,0,0.05,0
"624","D'Juan Hines","UNK","CLE",0,0,0,0,0,0,NA,NA,0,0,0,0
"625","Da'Norris Searcy","UNK","CAR",0,0,0,20,0,0,Inf,0,0.04,0,0.03,0
"626","Damontre Moore","UNK","OAK",0,0,0,12,0,0,Inf,0,0.02,0,0.01,0
"627","Daniel Brown","TE","CHI",0,0,0,0,0,0,NA,NA,0,0,0,0
"628","Dare Ogunbowale","RB","TB",0,0,0,0,0,0,NA,NA,0,0,0,0
"629","Darius Philon","UNK","LAC",0,0,0,49,0,0,Inf,0,0.01,0,0.01,0
"630","Darrell Daniels","UNK","ARI",1,0,0,72,0,0,72,0,0.11,0.02,0.1,0
"631","Darrell Daniels","UNK","SEA",1,0,0,31,0,0,31,0,0.04,0.01,0.05,0
"632","Datone Jones","UNK","DAL",0,0,0,3,0,0,Inf,0,0.02,0,0.01,0
"633","David Amerson","UNK","ARI",0,0,0,69,0,0,Inf,0,0.04,0,0.03,0
"634","David Irving","UNK","DAL",0,0,0,0,0,0,NA,NA,0,0,0,0
"635","David Parry","UNK","MIN",0,0,0,-3,0,0,-Inf,0,0,0,0,0
"636","Davon House","UNK","GB",0,0,0,9,0,0,Inf,0,0.03,0,0.02,0
"637","De'Vante Harris","UNK","TB",0,0,0,95,0,0,Inf,0,0.05,0,0.03,0
"638","Deante Burton","UNK","ATL",0,0,0,10,0,0,Inf,0,0.03,0,0.02,0
"639","Deante Burton","UNK","HOU",0,0,0,26,0,0,Inf,0,0.06,0,0.04,0
"640","Deatrick Nichols","UNK","ARI",0,0,0,0,0,0,NA,NA,0,0,0,0
"641","Deiondre' Hall","UNK","PHI",0,0,0,0,0,0,NA,NA,0,0,0,0
"642","Dekoda Watson","UNK","SF",0,0,0,-5,0,0,-Inf,0,-0.01,0,-0.01,0
"643","Denzel Rice","UNK","BUF",0,0,0,0,0,0,NA,NA,0,0,0,0
"644","Denzel Rice","UNK","CLE",0,0,0,29,0,0,Inf,0,0.03,0,0.02,0
"645","Derrick Johnson","UNK","OAK",0,0,0,31,0,0,Inf,0,0.03,0,0.02,0
"646","Derrick Jones","UNK","NYJ",0,0,0,10,0,0,Inf,0,0.03,0,0.02,0
"647","Derrick Kindred","UNK","CLE",0,0,0,120,0,0,Inf,0,0.02,0,0.01,0
"648","Derrick Morgan","UNK","TEN",0,0,0,50,0,0,Inf,0,0.02,0,0.01,0
"649","Derrick Shelby","UNK","ATL",0,0,0,-7,0,0,-Inf,0,0,0,0,0
"650","DeShawn Shead","UNK","DET",0,0,0,49,0,0,Inf,0,0.03,0,0.02,0
"651","Desmond Harrison","UNK","CLE",0,0,0,15,0,0,Inf,0,0.04,0,0.02,0
"652","Devante Downs","UNK","MIN",0,0,0,0,0,0,NA,NA,0,0,0,0
"653","Dexter McDougle","UNK","PHI",0,0,0,39,0,0,Inf,0,0.07,0,0.05,0
"654","Dion Jordan","UNK","SEA",0,0,0,54,0,0,Inf,0,0.02,0,0.01,0
"655","Domata Peko","UNK","DEN",0,0,0,23,0,0,Inf,0,0.01,0,0,0
"656","Dominique Easley","UNK","LA",0,0,0,0,0,0,NA,NA,0,0,0,0
"657","Donald Payne","UNK","JAC",0,0,0,0,0,0,NA,NA,0,0,0,0
"658","Donnie Jones","UNK","LAC",0,0,0,0,0,0,NA,NA,0,0,0,0
"659","Donte' Deayon","UNK","NYG",0,0,0,52,0,0,Inf,0,0.07,0,0.05,0
"660","Doug Middleton","UNK","NYJ",0,0,0,170,0,0,Inf,0,0.1,0,0.07,0
"661","Drew Kaser","UNK","LAC",0,0,0,0,0,0,NA,NA,0,0,0,0
"662","Drew Stanton","QB","CLE",0,0,0,5,0,0,Inf,0,0.01,0,0.01,0
"663","E.J. Gaines","UNK","CLE",0,0,0,132,0,0,Inf,0,0.07,0,0.05,0
"664","Earl Mitchell","UNK","SF",0,0,0,-3,0,0,-Inf,0,0,0,0,0
"665","Eddie Pleasant","UNK","ARI",0,0,0,0,0,0,NA,NA,0,0,0,0
"666","Eddie Pleasant","UNK","GB",0,0,0,39,0,0,Inf,0,0.03,0,0.02,0
"667","Eddie Yarbrough","UNK","BUF",0,0,0,3,0,0,Inf,0,0,0,0,0
"668","Eli Ankou","UNK","JAC",0,0,0,0,0,0,NA,NA,0,0,0,0
"669","Eli Harold","UNK","DET",0,0,0,20,0,0,Inf,0,0.01,0,0.01,0
"670","Elijah Lee","UNK","SF",0,0,0,183,0,0,Inf,0,0.06,0,0.04,0
"671","Emmanuel Lamur","UNK","OAK",0,0,0,0,0,0,NA,NA,0,0,0,0
"672","Eric Berry","UNK","KC",0,0,0,93,0,0,Inf,0,0.15,0,0.1,0
"673","Eric Lee","UNK","DET",0,0,0,0,0,0,NA,NA,0,0,0,0
"674","Erik Magnuson","UNK","SF",0,0,0,-5,0,0,-Inf,0,-0.02,0,-0.01,0
"675","Ethan Westbrooks","UNK","LA",0,0,0,1,0,0,Inf,0,0,0,0,0
"676","Evan Smith","UNK","TB",0,0,0,8,0,0,Inf,0,0.02,0,0.01,0
"677","Frank Zombo","UNK","KC",0,0,0,0,0,0,NA,NA,0,0,0,0
"678","Freddie Martino","UNK","TB",0,0,0,0,0,0,NA,NA,0,0,0,0
"679","Frostee Rucker","UNK","OAK",0,0,0,8,0,0,Inf,0,0,0,0,0
"680","Gabe Holmes","UNK","ARI",0,0,0,0,0,0,NA,NA,0,0,0,0
"681","Gabe Wright","UNK","OAK",0,0,0,0,0,0,NA,NA,0,0,0,0
"682","Garrett Dickerson","TE","NYG",0,0,0,5,0,0,Inf,0,0.01,0,0.01,0
"683","Garrett Gilbert","QB","CAR",0,0,0,17,0,0,Inf,0,0.08,0,0.05,0
"684","Garrison Sanborn","UNK","TB",0,0,0,0,0,0,NA,NA,0,0,0,0
"685","Garrison Smith","UNK","ARI",0,0,0,0,0,0,NA,NA,0,0,0,0
"686","Geneo Grissom","UNK","NE",0,0,0,0,0,0,NA,NA,0,0,0,0
"687","George Iloka","UNK","MIN",0,0,0,115,0,0,Inf,0,0.07,0,0.05,0
"688","Gerald Hodges","UNK","ARI",0,0,0,24,0,0,Inf,0,0.01,0,0.01,0
"689","Geremy Davis","WR","LAC",1,0,0,0,0,0,0,NA,0,0.01,0.01,0
"690","Giorgio Tavecchio","UNK","ATL",0,0,0,0,0,0,NA,NA,0,0,0,0
"691","Glover Quin","UNK","DET",0,0,0,342,0,0,Inf,0,0.08,0,0.06,0
"692","Godwin Igwebuike","UNK","TB",0,0,0,0,0,0,NA,NA,0,0,0,0
"693","Greg Joseph","UNK","CLE",0,0,0,0,0,0,NA,NA,0,0,0,0
"694","Greg Mabin","UNK","SF",0,0,0,83,0,0,Inf,0,0.05,0,0.03,0
"695","Haloti Ngata","UNK","PHI",0,0,0,16,0,0,Inf,0,0.01,0,0,0
"696","Hardy Nickerson","UNK","CIN",0,0,0,88,0,0,Inf,0,0.03,0,0.02,0
"697","Hayes Pullard","UNK","LAC",0,0,0,37,0,0,Inf,0,0.03,0,0.02,0
"698","Isaiah Ford","UNK","MIA",1,0,0,6,0,0,6,0,0.02,0.04,0.08,0
"699","Isaiah Johnson","UNK","TB",0,0,0,340,0,0,Inf,0,0.08,0,0.06,0
"700","Isaiah McKenzie","WR","DEN",0,0,0,0,0,0,NA,NA,0,0,0,0
"701","J.J. Jones","UNK","LAC",0,0,0,0,0,0,NA,NA,0,0,0,0
"702","Jacquies Smith","UNK","ARI",0,0,0,0,0,0,NA,NA,0,0,0,0
"703","Jacquies Smith","UNK","OAK",0,0,0,18,0,0,Inf,0,0.04,0,0.03,0
"704","Jake Brendel","UNK","MIA",0,0,0,11,0,0,Inf,0,0.05,0,0.03,0
"705","Jalen Davis","UNK","MIA",0,0,0,11,0,0,Inf,0,0.02,0,0.02,0
"706","Jamar Taylor","UNK","ARI",0,0,0,160,0,0,Inf,0,0.11,0,0.08,0
"707","Jamar Taylor","UNK","DEN",0,0,0,0,0,0,NA,NA,0,0,0,0
"708","James Burgess","UNK","CLE",0,0,0,6,0,0,Inf,0,0.01,0,0,0
"709","Jamiyus Pittman","UNK","MIA",0,0,0,0,0,0,NA,NA,0,0,0,0
"710","Janarion Grant","UNK","BAL",0,0,0,0,0,0,NA,NA,0,0,0,0
"711","Jared Norris","UNK","CAR",0,0,0,0,0,0,NA,NA,0,0,0,0
"712","Jared Veldheer","UNK","DEN",0,0,0,6,0,0,Inf,0,0.02,0,0.01,0
"713","Jarvis Jenkins","UNK","KC",0,0,0,1,0,0,Inf,0,0,0,0,0
"714","Jason Cabinda","UNK","OAK",0,0,0,26,0,0,Inf,0,0.01,0,0.01,0
"715","Jason Pierre-Paul","UNK","TB",0,0,0,132,0,0,Inf,0,0.02,0,0.01,0
"716","Jay Bromley","UNK","NO",0,0,0,5,0,0,Inf,0,0.02,0,0.01,0
"717","Jaydon Mickens","UNK","JAC",0,0,0,0,0,0,NA,NA,0,0,0,0
"718","Jeff Holland","UNK","DEN",0,0,0,0,0,0,NA,NA,0,0,0,0
"719","Jeff Richards","UNK","LAC",0,0,0,0,0,0,NA,NA,0,0,0,0
"720","Jerel Worthy","UNK","TB",0,0,0,0,0,0,NA,NA,0,0,0,0
"721","Jeremiah Attaochu","UNK","NYJ",0,0,0,18,0,0,Inf,0,0.01,0,0.01,0
"722","Jeremiah McKinnon","UNK","CLE",0,0,0,0,0,0,NA,NA,0,0,0,0
"723","Jeremiah Sirles","UNK","BUF",0,0,0,15,0,0,Inf,0,0.06,0,0.04,0
"724","Jermey Parnell","UNK","JAC",0,0,0,32,0,0,Inf,0,0.03,0,0.02,0
"725","Jerome Cunningham","UNK","DET",1,0,0,3,0,0,3,0,0.01,0.02,0.04,0
"726","Joe Barksdale","UNK","ARI",0,0,0,0,0,0,NA,NA,0,0,0,0
"727","Joel Heath","UNK","HOU",0,0,0,0,0,0,NA,NA,0,0,0,0
"728","John Atkins","UNK","DET",0,0,0,20,0,0,Inf,0,0.07,0,0.05,0
"729","John Denney","UNK","MIA",0,0,0,0,0,0,NA,NA,0,0,0,0
"730","John Sullivan","UNK","LA",0,0,0,-3,0,0,-Inf,0,0,0,0,0
"731","Johnny Holton","UNK","OAK",1,0,0,45,0,0,45,0,0.15,0.03,0.15,0
"732","JoJo Natson","WR","LA",0,0,0,0,0,0,NA,NA,0,0,0,0
"733","Jordan Mills","UNK","BUF",0,0,0,14,0,0,Inf,0,0.03,0,0.02,0
"734","Jordan Richards","UNK","ATL",0,0,0,113,0,0,Inf,0,0.03,0,0.02,0
"735","Josh Bynes","UNK","ARI",0,0,0,128,0,0,Inf,0,0.05,0,0.04,0
"736","Josh Jones","UNK","GB",0,0,0,201,0,0,Inf,0,0.05,0,0.04,0
"737","Josh Keyes","UNK","HOU",0,0,0,10,0,0,Inf,0,0.05,0,0.04,0
"738","Josh Walker","UNK","JAC",0,0,0,0,0,0,NA,NA,0,0,0,0
"739","Josh Wells","UNK","JAC",0,0,0,9,0,0,Inf,0,0.03,0,0.02,0
"740","Joshua Holsey","UNK","WAS",0,0,0,2,0,0,Inf,0,0.01,0,0.01,0
"741","Julius Peppers","UNK","CAR",0,0,0,47,0,0,Inf,0,0.01,0,0.01,0
"742","Justin Hamilton","UNK","KC",0,0,0,0,0,0,NA,NA,0,0,0,0
"743","Juston Burris","UNK","CLE",0,0,0,0,0,0,NA,NA,0,0,0,0
"744","Kaelin Clay","UNK","NYG",0,0,0,0,0,0,NA,NA,0,0,0,0
"745","Kai Forbath","UNK","JAC",0,0,0,0,0,0,NA,NA,0,0,0,0
"746","Kayvon Webster","UNK","HOU",0,0,0,0,0,0,NA,NA,0,0,0,0
"747","Keith Tandy","UNK","ATL",0,0,0,0,0,0,NA,NA,0,0,0,0
"748","KeiVarae Russell","UNK","CIN",0,0,0,94,0,0,Inf,0,0.16,0,0.11,0
"749","Kelvin Sheppard","UNK","DET",0,0,0,0,0,0,NA,NA,0,0,0,0
"750","Kendrick Lewis","UNK","TEN",0,0,0,108,0,0,Inf,0,0.07,0,0.05,0
"751","Kenny Ladler","UNK","NYG",0,0,0,15,0,0,Inf,0,0.04,0,0.03,0
"752","Kenny Ladler","UNK","WAS",0,0,0,0,0,0,NA,NA,0,0,0,0
"753","Kentrell Brice","UNK","GB",0,0,0,153,0,0,Inf,0,0.03,0,0.02,0
"754","Kony Ealy","UNK","OAK",0,0,0,0,0,0,NA,NA,0,0,0,0
"755","Korey Toomer","UNK","GB",0,0,0,9,0,0,Inf,0,0.03,0,0.02,0
"756","Kyle Emanuel","UNK","LAC",0,0,0,17,0,0,Inf,0,0.01,0,0,0
"757","Kyle Fuller","UNK","WAS",0,0,0,0,0,0,NA,NA,0,0,0,0
"758","Kyle Wilson","UNK","LAC",0,0,0,0,0,0,NA,NA,0,0,0,0
"759","L.T. Walton","UNK","PIT",0,0,0,5,0,0,Inf,0,0,0,0,0
"760","Lafayette Pitts","UNK","BUF",0,0,0,3,0,0,Inf,0,0,0,0,0
"761","Lance Lenoir","WR","DAL",0,0,0,0,0,0,NA,NA,0,0,0,0
"762","LaRoy Reynolds","UNK","PHI",0,0,0,0,0,0,NA,NA,0,0,0,0
"763","Lenzy Pipkins","UNK","DET",0,0,0,0,0,0,NA,NA,0,0,0,0
"764","Lenzy Pipkins","UNK","IND",0,0,0,14,0,0,Inf,0,0.03,0,0.02,0
"765","Leon Hall","UNK","OAK",0,0,0,97,0,0,Inf,0,0.05,0,0.04,0
"766","Leonard Johnson","UNK","ARI",0,0,0,60,0,0,Inf,0,0.11,0,0.08,0
"767","Lorenzo Doss","UNK","CAR",0,0,0,0,0,0,NA,NA,0,0,0,0
"768","Lyndon Johnson","UNK","JAC",0,0,0,0,0,0,NA,NA,0,0,0,0
"769","Malcolm Smith","UNK","SF",0,0,0,32,0,0,Inf,0,0.01,0,0.01,0
"770","Manti Te'o","UNK","NO",0,0,0,13,0,0,Inf,0,0.01,0,0.01,0
"771","Marcell Harris","UNK","SF",0,0,0,57,0,0,Inf,0,0.04,0,0.03,0
"772","Marcus Allen","UNK","PIT",0,0,0,5,0,0,Inf,0,0.01,0,0.01,0
"773","Marcus Cooper","UNK","DET",0,0,0,-5,0,0,-Inf,0,-0.03,0,-0.02,0
"774","Marcus Gilchrist","UNK","OAK",0,0,0,391,0,0,Inf,0,0.11,0,0.08,0
"775","Marcus Sherels","UNK","MIN",0,0,0,0,0,0,NA,NA,0,0,0,0
"776","Marcus Williams","UNK","CHI",0,0,0,4,0,0,Inf,0,0.02,0,0.01,0
"777","Marcus Williams","UNK","TB",0,0,0,36,0,0,Inf,0,0.05,0,0.04,0
"778","Marquette King","UNK","DEN",0,0,0,0,0,0,NA,NA,0,0,0,0
"779","Marquis Flowers","UNK","DET",0,0,0,0,0,0,NA,NA,0,0,0,0
"780","Martrell Spaight","UNK","JAC",0,0,0,0,0,0,NA,NA,0,0,0,0
"781","Mason Foster","UNK","WAS",0,0,0,224,0,0,Inf,0,0.05,0,0.04,0
"782","Matt Darr","UNK","BUF",0,0,0,0,0,0,NA,NA,0,0,0,0
"783","Matt Dayes","RB","SF",0,0,0,0,0,0,NA,NA,0,0,0,0
"784","Matt Longacre","UNK","LA",0,0,0,28,0,0,Inf,0,0.01,0,0.01,0
"785","Matt McCrane","UNK","ARI",0,0,0,0,0,0,NA,NA,0,0,0,0
"786","Matt McCrane","UNK","OAK",0,0,0,0,0,0,NA,NA,0,0,0,0
"787","Matt McCrane","UNK","PIT",0,0,0,0,0,0,NA,NA,0,0,0,0
"788","Matt Wile","UNK","MIN",0,0,0,0,0,0,NA,NA,0,0,0,0
"789","Matthew Slater","WR","NE",0,0,0,0,0,0,NA,NA,0,0,0,0
"790","Matthew Thomas","UNK","PIT",0,0,0,7,0,0,Inf,0,0.01,0,0.01,0
"791","Maurice Canady","UNK","BAL",0,0,0,24,0,0,Inf,0,0.05,0,0.04,0
"792","Maurice Smith","UNK","MIA",0,0,0,50,0,0,Inf,0,0.08,0,0.06,0
"793","Max Unger","UNK","NO",0,0,0,6,0,0,Inf,0,0.01,0,0.01,0
"794","Michael Johnson","UNK","CIN",0,0,0,-1,0,0,-Inf,0,0,0,0,0
"795","Mike Adams","UNK","CAR",0,0,0,389,0,0,Inf,0,0.09,0,0.06,0
"796","Mike Glennon","QB","ARI",0,0,0,168,0,0,Inf,0,0.31,0,0.22,0
"797","Mike Mitchell","UNK","IND",0,0,0,73,0,0,Inf,0,0.04,0,0.03,0
"798","Mike Nugent","UNK","OAK",0,0,0,0,0,0,NA,NA,0,0,0,0
"799","Mike Pennel","UNK","NYJ",0,0,0,21,0,0,Inf,0,0.01,0,0,0
"800","Mike Tyson","UNK","HOU",0,0,0,44,0,0,Inf,0,0.08,0,0.06,0
"801","Mike Wallace","UNK","PHI",3,0,0,109,0,0,36.3,0,0.32,0.09,0.36,0
"802","Muhammad Wilkerson","UNK","GB",0,0,0,-6,0,0,-Inf,0,-0.01,0,0,0
"803","Nat Berhe","UNK","PIT",0,0,0,17,0,0,Inf,0,0.03,0,0.02,0
"804","Nate Orchard","UNK","BUF",0,0,0,-7,0,0,-Inf,0,-0.01,0,-0.01,0
"805","Nicholas Grigsby","UNK","NE",0,0,0,10,0,0,Inf,0,0.01,0,0,0
"806","Nick DeLuca","UNK","JAC",0,0,0,6,0,0,Inf,0,0,0,0,0
"807","Nick Nelson","UNK","OAK",0,0,0,104,0,0,Inf,0,0.05,0,0.03,0
"808","Nick Perry","UNK","GB",0,0,0,-7,0,0,-Inf,0,0,0,0,0
"809","Nick Williams","WR","TEN",1,0,0,27,0,0,27,0,0.05,0.01,0.05,0
"810","Noah Spence","UNK","TB",0,0,0,16,0,0,Inf,0,0.01,0,0.01,0
"811","Orlando Scandrick","UNK","KC",0,0,0,415,0,0,Inf,0,0.1,0,0.07,0
"812","Pasoni Tasini","UNK","ARI",0,0,0,0,0,0,NA,NA,0,0,0,0
"813","Pharoh Cooper","WR","ARI",0,0,0,0,0,0,NA,NA,0,0,0,0
"814","Pharoh Cooper","WR","LA",1,0,0,6,0,0,6,0,0,0,0.01,0
"815","Phil Dawson","UNK","ARI",0,0,0,0,0,0,NA,NA,0,0,0,0
"816","Quadree Henderson","UNK","NYG",0,0,0,0,0,0,NA,NA,0,0,0,0
"817","Quenton Meeks","UNK","JAC",0,0,0,74,0,0,Inf,0,0.07,0,0.05,0
"818","Quinton Flowers","UNK","CIN",0,0,0,-3,0,0,-Inf,0,-0.01,0,-0.01,0
"819","Rafael Bush","UNK","BUF",0,0,0,141,0,0,Inf,0,0.04,0,0.02,0
"820","Ramik Wilson","UNK","LA",0,0,0,21,0,0,Inf,0,0.01,0,0,0
"821","Ramon Humber","UNK","BUF",0,0,0,3,0,0,Inf,0,0,0,0,0
"822","Ramon Humber","UNK","NE",0,0,0,0,0,0,NA,NA,0,0,0,0
"823","Rashard Robinson","UNK","NYJ",0,0,0,79,0,0,Inf,0,0.07,0,0.05,0
"824","Ray-Ray Armstrong","UNK","CLE",0,0,0,0,0,0,NA,NA,0,0,0,0
"825","Ray-Ray Armstrong","UNK","NYG",0,0,0,29,0,0,Inf,0,0.02,0,0.01,0
"826","Reggie Nelson","UNK","OAK",0,0,0,190,0,0,Inf,0,0.08,0,0.06,0
"827","Ricky Jean Francois","UNK","DET",0,0,0,-4,0,0,-Inf,0,0,0,0,0
"828","Riley Bullough","UNK","TB",0,0,0,15,0,0,Inf,0,0.01,0,0.01,0
"829","Riley McCarron","UNK","NE",1,0,0,27,0,0,27,0,0.07,0.03,0.09,0
"830","Robert Griffin III","QB","BAL",0,0,0,68,0,0,Inf,0,0.12,0,0.09,0
"831","Ron Parker","UNK","KC",0,0,0,401,0,0,Inf,0,0.09,0,0.06,0
"832","Russell Okung","UNK","LAC",0,0,0,12,0,0,Inf,0,0.03,0,0.02,0
"833","Ryan Allen","UNK","NE",0,0,0,0,0,0,NA,NA,0,0,0,0
"834","Ryan Delaire","UNK","SF",0,0,0,0,0,0,NA,NA,0,0,0,0
"835","Ryan Groy","UNK","BUF",0,0,0,57,0,0,Inf,0,0.04,0,0.03,0
"836","Sam Acho","UNK","CHI",0,0,0,0,0,0,NA,NA,0,0,0,0
"837","Sam Ficken","UNK","LA",0,0,0,0,0,0,NA,NA,0,0,0,0
"838","Sam Young","UNK","MIA",0,0,0,0,0,0,NA,NA,0,0,0,0
"839","Sebastian Janikowski","UNK","SEA",0,0,0,0,0,0,NA,NA,0,0,0,0
"840","Senorise Perry","UNK","MIA",0,0,0,0,0,0,NA,NA,0,0,0,0
"841","Shalom Luani","UNK","SEA",0,0,0,22,0,0,Inf,0,0.02,0,0.01,0
"842","Shamarko Thomas","UNK","DEN",0,0,0,5,0,0,Inf,0,0.01,0,0,0
"843","Shane Ray","UNK","DEN",0,0,0,-1,0,0,-Inf,0,0,0,0,0
"844","Shareece Wright","UNK","HOU",0,0,0,236,0,0,Inf,0,0.09,0,0.07,0
"845","Skai Moore","UNK","IND",0,0,0,0,0,0,NA,NA,0,0,0,0
"846","Stacy Coley","UNK","MIN",1,0,0,9,0,0,9,0,0.03,0.02,0.05,0
"847","Stacy Coley","UNK","NYG",0,0,0,0,0,0,NA,NA,0,0,0,0
"848","Stacy McGee","UNK","WAS",0,0,0,1,0,0,Inf,0,0,0,0,0
"849","Stefen Wisniewski","UNK","PHI",0,0,0,3,0,0,Inf,0,0.01,0,0.01,0
"850","Stephone Anthony","UNK","MIA",0,0,0,0,0,0,NA,NA,0,0,0,0
"851","Su'a Cravens","UNK","DEN",0,0,0,60,0,0,Inf,0,0.06,0,0.04,0
"852","Sylvester Williams","UNK","DET",0,0,0,0,0,0,NA,NA,0,0,0,0
"853","Sylvester Williams","UNK","MIA",0,0,0,0,0,0,NA,NA,0,0,0,0
"854","T.J. McDonald","UNK","MIA",0,0,0,290,0,0,Inf,0,0.09,0,0.06,0
"855","T.Y. McGill","UNK","LAC",0,0,0,0,0,0,NA,NA,0,0,0,0
"856","T.Y. McGill","UNK","PHI",0,0,0,32,0,0,Inf,0,0.05,0,0.03,0
"857","Taiwan Jones","RB","BUF",2,0,0,30,0,0,15,0,0.02,0.01,0.04,0
"858","Tank Carradine","UNK","OAK",0,0,0,0,0,0,NA,NA,0,0,0,0
"859","Tashawn Bower","UNK","MIN",0,0,0,0,0,0,NA,NA,0,0,0,0
"860","Teez Tabor","UNK","DET",0,0,0,208,0,0,Inf,0,0.11,0,0.07,0
"861","Telvin Smith","UNK","JAC",0,0,0,243,0,0,Inf,0,0.07,0,0.05,0
"862","Temarrick Hemingway","UNK","DEN",0,0,0,0,0,0,NA,NA,0,0,0,0
"863","Terrance Smith","UNK","KC",0,0,0,43,0,0,Inf,0,0.02,0,0.01,0
"864","Terrell McClain","UNK","ATL",0,0,0,5,0,0,Inf,0,0,0,0,0
"865","Thurston Armbrister","UNK","ARI",0,0,0,0,0,0,NA,NA,0,0,0,0
"866","Tom Johnson","UNK","MIN",0,0,0,22,0,0,Inf,0,0.01,0,0.01,0
"867","Tom Johnson","UNK","SEA",0,0,0,-2,0,0,-Inf,0,-0.01,0,0,0
"868","Tony Lippett","UNK","NYG",0,0,0,11,0,0,Inf,0,0.03,0,0.02,0
"869","Torry McTyer","UNK","MIA",0,0,0,179,0,0,Inf,0,0.09,0,0.06,0
"870","Tra Carson","UNK","CIN",0,0,0,0,0,0,NA,NA,0,0,0,0
"871","Tra Carson","UNK","GB",0,0,0,0,0,0,NA,NA,0,0,0,0
"872","Tre Sullivan","UNK","PHI",0,0,0,25,0,0,Inf,0,0.01,0,0.01,0
"873","Trent Williams","UNK","WAS",0,0,0,0,0,0,NA,NA,0,0,0,0
"874","Trevon Coley","UNK","CLE",0,0,0,18,0,0,Inf,0,0,0,0,0
"875","Trevor Bates","UNK","DET",0,0,0,0,0,0,NA,NA,0,0,0,0
"876","Trevor Davis","WR","GB",0,0,0,0,0,0,NA,NA,0,0,0,0
"877","Tyler Patmon","UNK","JAC",0,0,0,51,0,0,Inf,0,0.03,0,0.02,0
"878","Tyrell Adams","UNK","HOU",0,0,0,0,0,0,NA,NA,0,0,0,0
"879","Ufomba Kamalu","UNK","NE",0,0,0,0,0,0,NA,NA,0,0,0,0
"880","Ukeme Eligwe","UNK","NYG",0,0,0,19,0,0,Inf,0,0.01,0,0.01,0
"881","Victor Bolden","UNK","BUF",0,0,0,0,0,0,NA,NA,0,0,0,0
"882","Vincent Rey","UNK","CIN",0,0,0,9,0,0,Inf,0,0,0,0,0
"883","Vincent Taylor","UNK","MIA",0,0,0,-7,0,0,-Inf,0,0,0,0,0
"884","Vincent Valentine","UNK","ARI",0,0,0,0,0,0,NA,NA,0,0,0,0
"885","Vontae Davis","UNK","BUF",0,0,0,-3,0,0,-Inf,0,-0.01,0,-0.01,0
"886","Vontarrius Dora","UNK","ARI",0,0,0,4,0,0,Inf,0,0.01,0,0,0
"887","Will Compton","UNK","TEN",0,0,0,14,0,0,Inf,0,0.01,0,0.01,0
"888","William Hayes","UNK","MIA",0,0,0,0,0,0,NA,NA,0,0,0,0
"889","Willie Henry","UNK","BAL",0,0,0,0,0,0,NA,NA,0,0,0,0
"890","Zach Kerr","UNK","DEN",0,0,0,16,0,0,Inf,0,0,0,0,0
"891","Zach Moore","UNK","ARI",0,0,0,6,0,0,Inf,0,0,0,0,0
"892","Zach Sieler","UNK","BAL",0,0,0,-3,0,0,-Inf,0,-0.01,0,-0.01,0
"893","Zach Vigil","UNK","WAS",0,0,0,9,0,0,Inf,0,0.01,0,0,0
"894","Ziggy Hood","UNK","MIA",0,0,0,0,0,0,NA,NA,0,0,0,0
"895","Ziggy Hood","UNK","WAS",0,0,0,0,0,0,NA,NA,0,0,0,0
"896","Brandon Weeden","UNK","HOU",0,0,0,6,0,0,Inf,0,0.01,0,0.01,-0.1
"897","Chad Kelly","QB","DEN",0,0,0,0,0,0,NA,NA,0,0,0,-0.1
"898","Derek Anderson","UNK","BUF",0,0,0,618,0,0,Inf,0,0.99,0,0.69,-0.1
"899","Kyle Lauletta","UNK","NYG",0,0,0,62,0,0,Inf,0,0.34,0,0.24,-0.2
"900","Matt Barkley","QB","BUF",0,0,0,331,0,0,Inf,0,0.98,0,0.68,-0.2
"901","Nate Sudfeld","QB","PHI",0,0,0,9,0,0,Inf,0,0.02,0,0.01,-0.2
"902","Jacoby Brissett","QB","IND",0,0,0,36,0,0,Inf,0,0.04,0,0.03,-0.7
"903","Brian Hoyer","QB","NE",0,0,0,4,0,0,Inf,0,0,0,0,-0.8
"904","Sean Mannion","QB","LA",0,0,0,-10,0,0,-Inf,0,-0.02,0,-0.01,-0.9
"905","Rod Streater","UNK","CLE",0,0,0,0,0,0,NA,NA,0,0,0,-1.1
"906","Nick Mullens","QB","SF",0,0,0,1810,0,0,Inf,0,1,0,0.7,-1.6
